,protein_0,protein_1,protein_2,protein_3,protein_4,protein_5,protein_6,protein_7,protein_8,protein_9,protein_10,protein_11,protein_12,protein_13,protein_14,protein_15,protein_16,protein_17,protein_18,protein_19,protein_20,protein_21,protein_22,protein_23,protein_24,protein_25,protein_26,protein_27,protein_28,protein_29,protein_30,protein_31,protein_32,protein_33,protein_34,protein_35,protein_36,protein_37,protein_38,protein_39,protein_40,protein_41,protein_42,protein_43,protein_44,protein_45,protein_46,protein_47,protein_48,protein_49,protein_50,protein_51,protein_52,protein_53,protein_54,protein_55,protein_56,protein_57,protein_58,protein_59,protein_60,protein_61,protein_62,protein_63,protein_64,protein_65,protein_66,protein_67,protein_68,protein_69,protein_70,protein_71,protein_72,protein_73,protein_74,protein_75,protein_76,protein_77,protein_78,protein_79
sample_0,-0.14130245205299516,-0.5621014797893262,-1.6312065823134032,-0.36569416181823006,0.6222728938838843,-1.224649069007318,1.0928519924491118,0.36723746523417145,-0.5264844395464393,0.10831892422465941,1.5970712021924056,0.698283363855118,0.15074060091909053,-0.2778861540077888,0.2208926529956738,-0.4140635307859792,-1.9147809634410364,1.795808111091299,0.44546932726043054,0.3678502398583204,-0.26802761607397724,-0.5596776285393955,-0.13144759981976512,-1.789965751196052,2.2231775970350767,-1.1565732024876163,-0.9431929890716915,-0.33182764789171265,1.5246086038086049,0.1066717171227837,-1.177401692230788,1.0198840689674733,0.8225382765518258,0.8125392042109242,0.7015358400934588,2.497821390923924,1.9844396315801693,-0.4088743268277914,1.3989553310380982,0.4052249446266036,0.5736886024153488,-1.7449295234625728,-0.2767557015361835,-0.8513508546264807,0.5851632053215425,0.9132825883515053,-1.83621451164153,0.008622143512851633,1.204613327791776,-0.21806711092945075,0.5687612511628248,0.3696247312630596,0.309586756321794,-0.07829367777114116,-1.4255747449623484,-1.0820280280330055,0.7043863664379753,0.08554091216239763,-0.15232689638219446,-0.40445062342619964,-0.18757572851336207,1.0297657768148651,-0.23654586922042803,-1.0128920949401756,0.6273701701647569,0.090287244703825,-0.1543525323100756,1.557998782695075,0.23679369517059218,0.2150824750896778,-1.176486678507895,-0.12278414681044249,0.7802130666312199,-1.781835918923082,0.2777878178988863,-0.09465622103819259,-0.03733295829504558,0.7653330323054446,0.4566458171157619,1.3707187277928843
sample_1,-0.6874250142669116,0.07259619735736851,0.11588035062527506,-1.1775674657643516,0.839337144509169,2.3295538130633417,0.0467011490333189,0.3832564632615242,0.1321119753367918,-0.5927657983880628,-2.0717491037988545,-1.0680626599870844,-1.4093920033559832,1.3716328334694885,0.01247123632273824,-0.24745315261909973,0.6220682511712935,-0.9828131899913365,-0.5125443020999314,0.034936666836034504,0.7878168687376043,0.6645210624263271,0.3476880793710058,-0.07986674078831209,0.27537567979604666,0.3187952939328822,-0.9409472791913617,0.09063429903231203,-1.0711239656750253,0.18085951267006858,-0.41261508190353463,2.2312170978059798,0.007602691254265488,-1.2864049114771448,-0.128392752893013,0.5324358949478376,1.4790932048607868,-0.32115639994131445,-1.3807394347366304,0.8532700899769947,-1.559684263106154,-0.42005378806614097,-0.3718898952049137,-0.07303641605996881,0.4567649387992607,-0.5760081578265182,-0.37225616796749994,0.017844227487647378,0.14083366637130407,0.09368844327072763,0.26621100668127334,0.8255086328885745,0.36184007862976897,0.7350292182593866,-1.857762947102375,-0.07790196061683026,0.4808783805981339,0.7462722933103625,-0.6652180226798656,-0.6713266064594227,-0.38873568882009696,0.46602298426726685,1.1403452383651664,-0.23984864258686875,0.7666560124285278,0.4596246716429225,-0.31987574316088885,-0.24159907591392588,1.0222056676338258,0.2551509346979741,1.893599647973019,-0.6996744206415388,0.6815784630320623,-0.5839521936131941,-0.7363573956787505,-0.20133886939940626,0.04450596561208582,2.507781656149053,-0.05068312610053057,-1.2035950250698753
sample_10,0.5477767616105795,-0.33035948345539234,-0.34408332943889797,1.9946830514342386,1.053899229937912,0.16880371905745198,-2.1989935107876137,-0.42114588651023555,2.238416599945812,-0.0009172514599428595,1.0658033274493914,1.5676305815812326,0.38483729360269076,-0.79109303261426,-2.509868829490371,0.7873880491842314,-0.8217199513069584,0.15702809325351574,-1.0142621719051823,-0.30123953876561027,-0.17900053671461894,0.4338048274821851,-1.1563604826577318,1.0606595862771204,-0.7594498565712214,-1.608540367010439,0.09625158484404636,0.08046759732436877,0.2854278840579635,1.6084275819661489,-0.16541030627985606,-0.27526352395972026,-1.1164321573235025,1.1173514896489423,0.1826072014012897,-0.4522326076880271,-2.054304658097386,1.513112440990318,-1.0731926682282247,-0.6015246004325634,0.41394189278510496,-1.2220810637586463,-1.7196942002262843,-2.2244405703715775,0.4861918885184406,-0.4585022342434745,2.2300546610025984,-1.1462243737257278,-1.0310297913404243,-0.6330535736987962,0.0670926394498414,-0.39040884917395907,0.5870525739450099,-0.8718393553043008,-1.6206171626068309,-1.6619060635904945,-2.1476775508699752,-0.415050602111681,-0.30278307777201474,-0.6400002150021078,0.9708531776403317,1.2297748311170105,-0.23610227281493076,-1.3878663319329851,-0.48341775812497084,-0.35394907271961146,-0.886409513569834,-0.7227562303994479,-0.4111563401929583,-0.5288633557559361,-0.6936061878119725,0.26754448097771427,0.511405727630891,-1.02922387322305,1.2920165723109973,-1.1273460770814596,-1.450729602239723,0.15730487827599773,-0.6702010791616168,0.22898958105227327
sample_11,-2.0388389939013467,1.4258376823029082,0.6621165984532105,-1.6512073234871607,-1.5259770188204327,1.685250061277968,-0.6605983941127582,-0.8606496543634033,-1.7586653695120573,-0.1481266379782937,-0.36234880672963166,0.6761264783881906,-1.4173222414351476,-1.3674395059404736,0.6278601215558702,1.111445071384806,-1.4626436119187005,0.9521352745954276,0.3231106070354826,1.0674736307296626,-0.27999088224171664,-2.3286273652744747,-0.09398053793279879,0.9212356867940285,-1.067523067248626,-0.28691762533488874,0.020670294853312475,-2.468079818400656,1.945849279790801,-0.9139659357517234,0.5859089744652162,-0.24423324410894984,1.3792419680625718,0.6695117577896678,-0.22676780285983258,-0.9485438793183366,0.6145031487865078,-1.4791395048812437,0.5510885063232204,-1.1261240469163458,1.4285245845774777,0.21010616199475893,0.6115111212500012,0.08575175110007645,-1.8002720486581631,-0.7263150739321963,0.39690820433774004,0.2327342989984423,1.269307298940477,0.42839095909178476,-1.1819314628614517,-0.6919361872045346,0.06485149707103621,-2.3701921300235402,1.9904236134125257,0.25760632917015497,1.207795605156994,-1.4045742783674187,1.1284942997638456,2.6092081052327867,-0.9473640265757978,0.7255201017897898,0.10171602935934201,-1.1812858423244994,0.4147946095461577,1.2583759353148802,-0.8268604772630039,1.121038928520455,-1.4485487815995812,-1.7489621045930395,-0.007440017871184663,0.10070574398520317,-0.6504704612485844,0.9788658763557636,0.5905696174980493,0.6289438655140562,-0.17740760527997831,0.3627678877953398,-0.3065119034103586,1.938974273596905
sample_12,-0.5139134353270504,2.1935436811148263,0.06980935255589121,-1.5139492299175465,1.2393250303408616,0.15809317063826453,0.8990753607650432,1.0509379737930913,0.3359744299142312,-0.44405230560581566,0.9289859110298743,-0.20100491816522903,0.904859097602717,-1.9055409603273634,0.6235323838757131,-0.5414716778128393,1.2695668035633279,0.5495363872807597,0.5332859463599217,0.45677114943513264,-1.181874992982693,1.77466376202855,2.270902601621665,0.24104409872350446,1.510535740368583,-0.47304668935396676,-0.6786951609238849,0.08615682297451857,0.5869581306784684,-0.3485450607615766,0.6183360005030059,0.1263096498539013,-1.005562983162648,0.7913172581815547,0.8458544445437589,0.1677768626230718,0.9648739826012518,-0.8874830264328741,0.3968244383488352,-1.199721506881886,-1.25719847563558,-0.6254912765681698,-1.1183085080973234,-0.5740069178675296,-0.3782873421494391,0.7147410068456151,-0.4108150784317275,-1.848489779218862,1.2245333752568595,-0.9307733368478286,-0.2445397661200222,0.45787399506958204,0.1639715088132115,1.45376204525521,0.5786005169722406,-0.8590346372964383,2.1330889255847034,0.2483997086621094,-0.16050219188085418,1.1706113597636816,0.22732352863919936,0.31452881680193545,2.6069199884413106,-0.13026954597174084,-0.2723880522238547,0.4518620491820507,0.9515197509225529,-1.522960709768616,-1.7544452671723791,-0.749686723822227,-1.580825076840822,-0.30989177573699866,0.6647459913526199,-1.0059983850341012,-1.26472778740943,-0.12470852555655924,0.6623047141432641,-1.7655351961087848,0.9318959992080584,0.7185504902323386
sample_13,1.1792183061408639,1.2384717514189054,2.0836051198090275,-0.3942537302738354,0.01686996533260186,-0.3775101669189825,0.06533954144153921,1.3379652858978301,-1.0177911879803367,-0.7734922221013006,1.3597776543234164,1.049864463677035,-0.26349497807006644,0.6498247417177833,0.5085521237299208,1.607269632954005,-0.06821107630188684,0.9030586871386768,3.028757413392876,0.5695216749551324,-0.16383430279826686,0.8830334125851612,-0.32934308432862,2.274853211779516,0.04688789043092142,-0.16874590972135492,-0.7221399201944771,1.0037167060734333,1.06202499168158,-0.4637352796611224,0.6574952783433567,-1.5845303151808876,0.24531399347836322,0.7199685744296205,1.6698138980733421,-0.8199331579291048,-1.4357967917204693,-0.5971046803653112,-1.1675929642412963,1.3903227232021014,1.7648755494380601,0.3777223902848746,1.2409475948796997,0.1401774789940946,-0.2682442977833818,-0.27844392041066,-0.4020609978612974,-1.8035651871412595,0.2662827575176523,-0.05770542840350842,0.5855862054366556,0.13122202068469951,-0.2074366538384521,-0.7513440528318595,0.09770511851170417,0.5116808677560307,-1.0972251857951858,0.148882779269203,0.19175780129458211,-0.738315941250521,-0.39902561139906095,0.1283246943516592,-1.0392502360526854,0.3872804452139081,-0.7620133387981971,1.5162383269213204,2.297882707202225,-0.8840584265235942,0.8047521231688874,-0.903409921877037,0.79622283699324,-1.0763611761109797,0.6411048707413923,-0.9852666985669895,-0.10870514671905539,-1.1760381076657944,0.6280638129224535,-0.9707466687949596,0.6694503689962628,-0.42774229894912436
sample_14,0.15511723040041508,0.08533814768539551,-0.6705336251750491,0.2279260344355926,1.3969320890160113,-0.7346743318263732,1.2139411761389693,1.3056642541221837,-0.5923814749738715,-1.5014777478292396,0.2060208844869725,-0.8737147510117028,2.2221892088833544,-0.046409058522204574,-0.7344781406124397,-1.052394817511301,0.792172393212162,-0.49929489827039486,0.32964179661044507,0.9303014424020782,-0.6822813813989249,0.12248743770306882,0.05541390052362349,0.5370964775447906,0.47308602187352405,-0.11448448238211996,0.290720257761547,-0.2723417548287708,-1.5150624192654656,0.377566851811457,1.989430195035892,-0.9955342018369733,-0.7674160307612787,-0.7099771936943056,0.7101850913941146,0.4581462391231111,-0.3299530315879869,-0.6174787761747838,0.07122301838763324,-1.6071355298247345,0.1700192207051411,0.9592090462672528,-1.4554413032677018,-1.605059411754036,1.279761405546292,-0.5150055142996072,0.7737665526890632,-0.14811303601801215,-0.20004459226394503,0.46689455455082374,-1.0965496126431908,0.1672853338811533,-0.4317138632963157,-1.25544953022752,0.41132302813006544,-0.34658304996896,-0.13810436928086925,-1.0595859779685453,1.4496866521393421,1.071633428754945,0.7619597962707673,-0.46364141676671217,-1.6383913961007763,1.7145915474157316,-0.054814813677309636,-0.5215209168029338,0.25541697757739656,1.122230375632463,0.23424449496931607,1.3043619346719206,0.8335870942457936,-0.9041051678630465,-0.6043129297542068,1.1515640792705157,-2.4832443879991426,-0.3337518307294184,-1.2914481604741137,-0.63687114627062,-0.162868501719327,-0.4417045854164038
sample_15,-0.264457826818443,-1.2553762663479924,2.167141974150195,2.048023541934863,-1.2183386026566556,1.5962206646016748,-0.32881689355182553,0.03416770856219039,0.013229099512754519,-0.5267868014978779,0.9377193671894061,-0.047443176479837285,-0.3898208015306596,-1.1842076860323705,-0.8338361855927361,-1.548898569117484,-0.12098843346424544,-1.0486044878380314,0.008233532473028913,1.3481634381124894,0.9535089896079028,0.13600025753586711,-0.02239130940321117,1.7568900939017542,0.4004520164989991,-0.22511694437104765,-1.3869854013277316,0.39274846694985377,1.0204103899633747,-0.6133924736792508,0.36873576894399224,-0.5052239831689143,-0.14476980613719284,-2.457151254465371,-0.21393399145521008,1.0041386859430654,-0.796918278531481,0.25782100782864814,-0.6642296748357794,0.38174503664064696,-0.23850836253001803,-0.9506790561312707,1.3622788663511216,0.9727227806224027,-0.7395147671744914,0.42670849476483463,0.28717591695683153,0.7976690325319078,-1.8765763594352984,1.0895088426492023,-0.7720692982689795,-0.28642501023351,2.663443172309249,0.5648114310362022,-0.44421183114248936,-2.0107488492795738,1.366038579061458,-1.185354939083931,-0.9533062152881083,-0.2994275241633865,1.100270611654312,0.7275500168356925,-0.05813300914791352,0.35280859762336314,-0.5119687486984417,0.4778171540865468,-0.10976031913443868,0.9259911271771132,1.2480165548355922,0.44055194994147123,-0.4508308732486944,0.7540962349583338,0.023394579842798666,-1.2291518972163396,-0.2947382142661143,-0.11019557168508495,0.7029173065236379,-0.3654314194477562,-1.0534882083717516,-0.03211805519522949
sample_16,0.3735628802248303,0.12635086444756147,0.8921778643611624,1.1160169934597268,-0.6667511007433654,-0.5747346257210075,-0.9579212500303066,0.5632603442625096,1.229543659063041,-0.10437889777916914,-0.3770612383446085,1.5981146083407631,0.7040427821351376,0.2945984394336446,-1.1570605023416167,0.7819278011845486,-0.9186388019824859,-0.9935881269270179,-0.0761323656952021,-0.6245514304574775,-0.42707513245881257,-1.2583496174325923,1.1316189062604667,0.9900902087604692,-2.1609490163661818,1.116804962100885,-0.6938035881190321,0.7950261747471716,0.03370251451413464,0.12256999947437229,-0.11342707419144518,0.9800960346438923,-1.2606284117864084,0.8875275851130663,1.0780644209846904,0.7389124854402266,2.122301905606031,-0.2665885563810466,0.8210674488229431,-0.10025303868986978,1.4070993325368333,0.031867111806110966,-0.5139403605704883,1.3676871926575012,-0.6347352839316486,-1.1948148151538482,-0.5699030824983069,0.7700327643539563,1.5002215102873526,0.10826470148432876,1.176977167911215,-1.2120716832761487,-0.49503843482980736,-0.09765918555683889,-0.12298870405835927,-0.048880243010428114,0.6864532555305428,-0.34682257353640816,0.10469437131052553,0.025420462807277763,-0.6518922309287657,-0.25186096880555703,-0.04387460866819076,-0.039153490758795095,0.023899921684115935,0.4058518799712123,-0.6473562623764361,1.2267001683095502,-0.9394427572004548,-0.8970554107360696,2.3416055147602033,-0.8690936443462821,-1.3379034965325614,0.8911786309344812,-1.8809992052510316,-0.4157459328461538,1.7555472698789754,-1.62655028016343,-1.809481825318049,-1.5677962753591959
sample_17,1.1258111843793979,1.1375562795404988,-0.43893188412552975,0.7472834589685372,1.2608657280394544,1.7989011393696392,-0.178465891457493,-2.223522280706309,-0.59618136353315,-0.24130064503838833,-0.3958483147997864,-0.4324745659695444,1.3871711729028673,1.0066311972569015,-0.04902060937422174,1.2036237551552673,0.1717142897362747,0.05897983545299422,1.2258713520957862,0.03915239106587328,1.7876620619663262,-1.2558053430679281,-0.49472645523835607,-0.2884785411399033,0.31607504315307955,1.4142103190793551,0.191558507328579,-1.184824499204644,1.0349071934403529,0.9318093456203279,-1.8918107899364331,-0.16609122347820854,-1.6312090707241096,-0.48732362134197643,-0.8789470559164366,0.8363164259979684,-0.058020744284478246,-0.9489785999009057,0.7541056593576212,-1.4719826049536815,0.3819012326635479,-0.8185929881388891,-0.48973147495170244,0.5279913748051022,0.30172392016514465,1.1389519651744464,-0.21659262352600742,0.39877201092948017,-0.5017856388240274,0.18591208358896436,0.26980400823771483,-0.04628628261089485,-1.8896735215866798,0.5980192120471871,0.4433308027591144,-0.7038118806046194,-1.234384441133547,1.4418849995377048,0.4310556699355284,-0.18335763556530962,-0.8098381024710856,-1.0338689140570758,1.4105787571228767,0.21152341293910912,-0.46975451442778543,0.8940354596725708,-1.053614288185218,1.4523998104691485,1.6428074106109158,-0.6169758068130293,-0.6875003582392959,-2.3101828558257704,-1.4758107097893844,-1.529804430928659,0.21556797246347725,-0.5026525006315902,-1.2186133557619319,-0.45587488690076305,0.6238352551113905,0.43284999241990935
sample_18,-1.5558090825384774,-0.21192533015845866,-1.248075731685074,0.9872944340441582,0.6721201312200438,-0.8531170735268895,-0.688743437701571,-0.5142692226638453,-1.7480001936598872,0.6935186011057514,-0.41076977495223965,0.9886741451402015,-1.0824398534126816,-0.6019136783681401,-1.500165275806649,-0.9088658594476516,-1.13288463156077,0.8770120979226677,-0.4412771001954795,0.09152256017846534,-0.5817228933302682,-1.0885810207015232,-0.11200183766626269,0.45123925967026934,-1.3934072036869005,0.9428372656035412,-0.7379430646731926,-0.3689408352110199,0.6921849048155084,-0.6488124273705057,0.11198615007353725,-0.45914542106875206,0.1865348977795363,-2.341454502716128,-1.7840243967550882,0.633701043914931,0.8508478851550524,-0.6106856151112444,-0.22042150512075342,0.3138438842653679,0.7940085240737415,-2.098696269239092,-1.057215728869979,-0.34840956890079267,0.4696845479058355,2.1247268314187884,-0.3350843936669026,-1.6363052510997111,0.4172868308657842,1.4340096517683167,-0.07240455499506167,-0.7942627699358865,0.9413903709687275,0.9705999650527157,-1.2004043500267483,0.20591475482105784,0.9843614627448425,1.1680971201636428,-0.08559154053805335,-0.329760745224181,0.9587856257057401,-1.4627190177835356,0.5416667953512225,-1.0368731441871353,0.9000956327200578,0.030482585711812043,1.1610448541780272,0.4537159325989631,-0.9944600547607665,1.4651598179845702,1.2496965170678436,0.8821995703929942,-0.699034935862575,-0.32341891771551873,0.22526927888601428,-0.8633085922974044,1.3692237265387488,-0.061728377522623196,-2.515208431957914,0.2468188814836132
sample_19,-0.06884553373612304,-0.1544832795985395,-0.3051486919388964,0.883298589401247,0.9980491778139672,0.3132929388010482,-0.2697543491432819,-0.12422218837899308,0.07989184211955311,-0.7016506573717002,0.5032190429514778,0.36263535025665583,1.8566856468992072,0.9904241593569357,-0.6078019675480322,0.9241521176327853,-0.9371252196240418,0.6135100041492366,-0.2525729219712873,-1.0657740008045171,0.06033674046190013,-2.479364731138517,-1.8582696351474628,-0.3404417035321396,-0.054432095849685114,-0.2677624335149063,-1.5597693326429702,-0.6598614014088481,0.5388941376397159,0.7388254839457324,0.05752601259711016,0.9279723634486188,0.46987618376619134,-0.5767890127008087,-0.2712738167459464,-1.4824476182315118,-0.2801831202015199,1.213412662286716,0.585245821013425,1.457841139583402,-0.3365255903018538,1.459762935008231,-0.3017495263570873,1.5410224629199052,-0.2005251884173177,0.6044704995756365,1.0494965369592084,-0.19494488813006045,0.21609978000297939,1.3987997151542502,-0.3212285791663401,-1.1775731031445682,2.1561471767222016,-0.3009497671747205,0.20006939125547804,0.8696841742614904,-0.5771261379241381,-0.8711933530323301,0.2109221343503494,-1.9583700243783333,-0.17464732350159093,0.14425733014536207,-0.17088333293029706,-1.180471977099374,1.3483601737305324,0.4371941723802752,1.333890688061363,-0.28973314680214823,-0.6430917895709448,0.19306026452546485,-0.32058894063888616,-0.9965639650180738,1.708316293180968,-0.6925948159205814,-1.6565373688577292,1.0780261452135471,-0.5021236396838926,-0.7584711502650651,-1.597605525403034,1.6301680264889717
sample_2,0.5264794249930266,-2.3081065766345175,-0.04806075854945843,0.014467478347264254,0.6822746210928363,0.9952843639949054,-0.4310316041866787,-0.22572270334417868,-0.5521344581801695,-1.100731110150915,0.21453427387610494,-1.7648859381224624,-0.32084988160839994,-0.921363647229991,0.7351812659849131,1.9098163688545602,-1.2342313752649288,-1.6250258029706675,0.15437195603048717,-0.01788821616443892,0.0006924092376518267,-0.273824210850207,-0.1476834095396471,0.21514753088817953,0.9397722452184604,-1.8967787674187484,-0.1964732481506532,0.23633399677958775,-0.8999857473710479,2.019672904509013,-0.5692818738650498,-0.20142942897043306,0.6375633723630005,-0.40805569453544427,-1.8005184296215793,-0.4612752521282711,0.8432036127980189,-0.09338413927236781,-0.7426739119904466,0.965713225619713,-0.3681791524025452,-0.49811024897001194,0.07204918875294995,0.8070650629416334,2.0214099726403636,0.7063229153575031,0.7931900879871716,-0.5661539599286657,-1.1452753259208077,0.054792900495422785,-0.07327610520165335,-0.9532931097477745,-0.22034351051436235,0.6741417678909274,0.4384041416389418,0.31120030855291336,0.297533815278384,-0.4047502457930167,-0.49996137785137557,-1.284084628387654,1.3758253773067912,-0.11148561448549359,-0.1255286816216955,-0.6715220367980059,2.485531084077221,-0.8865523188716898,-0.6436910873547295,0.37894459387626406,0.8723265441646527,0.9513470175488022,1.477515470143918,0.539170106622598,-1.0166993692038606,-0.2661393286317758,0.3791777671701692,1.7851085858532716,-1.2633131583629489,0.9185650552145574,0.30547547369806405,0.7388077723592967
sample_20,-0.9710057968914357,-0.01084183154189242,0.885439713115798,0.4600655949344818,-0.1475080812360389,-1.6467735897777798,-0.7316303159873442,0.08860959757313555,-0.5690694902770936,0.5309993716850866,0.6135436478343083,0.9792587670124243,-1.2247489695320029,1.7900419141951314,0.9719519545467994,0.0983421446836846,0.7918602540750174,2.0796745867335034,-1.210500186854354,-0.26092086487725746,-2.522711349629515,0.35863663740819657,0.47685798402210966,-0.1994248107840749,-0.8192675830610469,-1.9938231841865286,0.6397211562942224,1.3148825511895668,-0.5406380394181388,0.5808944135082499,-1.5134966632982145,0.2684819730292026,-0.3660796859149871,-0.5929548830615068,-0.7398513912642202,-0.42454310294295283,0.20426864584440685,-0.9729431054147524,-0.35313939003683564,-0.03349203609193123,-1.2401262974164489,1.9349925037596711,-1.0217238954069885,-0.7011875044761586,-1.084698443020293,1.5306532767310668,0.29977141757389464,-1.077617892191359,1.1875121841352183,0.20641278705515245,0.08166872334795561,-0.27407124295205115,-0.8088753500117818,0.6050822951864618,-0.6318713062141048,1.4359063308350806,-1.219704715290003,1.4980206928378412,-0.12714401245760015,0.4160703236981916,0.6639664274240532,-0.822323107683839,0.9697503753296239,-2.1443643978421685,-0.6133567779460805,-0.7186578547219922,-1.5204807461250933,-0.2451316714745564,0.6527645384185677,0.6703029521388104,0.08522855218390854,-0.5295580039153273,0.520735459669311,0.17888340890351812,0.9745343283161573,0.5513599270239751,-0.046543011872802006,-1.0265793007685577,-0.509312507013521,-0.6307573073815771
sample_21,-0.03732287471196023,0.2148912479631159,0.701963631398014,-0.05928121449949512,-0.07389983926601121,0.1752818981695136,-0.44314341410821056,-0.9453666129589499,-1.3479320064396605,-0.5701723156897683,0.3897091811630503,-1.0645503365633269,-0.12390966955141235,0.3202491560282555,0.7036616286845057,-0.9844557443249521,0.7135007501666638,0.9923893049191652,-0.8896311552747509,-0.8646427073994128,0.9455330104906869,0.0225911795648803,-2.3755295964199967,-1.5863729645708569,-0.3987870756652516,-1.0831529257203403,-0.24657277101438896,0.07874843957953467,1.7160425134385116,-0.23317088682322687,1.1596917528382038,1.1843010151380255,1.566026765145983,0.5384526804554376,-1.9144899340123516,0.47108045726136016,0.8619264018783592,0.13733789077526945,1.503594535269337,0.8976919956984655,0.6522021746166817,1.1858267073360924,0.27261712075913286,-2.610736512161168,-0.6417397100254001,1.020297693479314,-0.8062690942516277,-0.23062986218355777,-1.1660289516942892,1.941274642126478,1.5520399812790373,-0.7731841767074287,0.11034605513273694,-0.5373838635770589,0.7392829668305569,0.3158236912178409,0.8039174808360389,0.37653064986459456,2.6943249924659867,-1.0899816445926616,-1.2388984875133002,-0.5604283349227971,-1.476282441752061,-1.1382523268405247,-0.8518357390726348,-0.7165500780633415,-1.2026983424903481,0.48023674791049176,-0.26038096684248774,-0.30093507403181785,0.6658378589958085,-0.6213316969819596,-0.16279332212227482,0.4607639508299368,-1.7525389259526174,-2.4695885713554357,0.2223551967313406,0.2603468077929629,2.1488841467462323,0.06791639500077636
sample_22,1.0504622433658228,-0.2843073092646406,0.31358739131854063,1.8281248993424672,-2.1527090994949813,0.4422342903684353,2.160225885668093,0.17613766030930686,1.3918317997250067,-0.4893626611418386,-0.15238430991500615,-0.1607903133283195,-2.328973524416639,-1.06832796461748,-1.0548261309712168,0.9259279874023264,0.60766288929246,0.2869043207168438,1.140227468077507,-0.19928207388778682,0.9560664058034828,0.176647133704103,0.13754004187391775,-0.43025385381216197,0.5703345717339399,-0.321058671253931,1.3187217325546379,-0.9328436357733569,-1.0988507332327602,0.8565534593880759,-0.015685232676191384,-0.5903614463122969,0.9906821790929418,-0.42531748657705015,-0.19286130231323015,1.4547181685476909,1.3465461969666979,1.6285383943021368,-0.25344985054366737,1.280855830906639,-1.0697846580784725,-0.9165701564379158,-2.654240372760901,1.7518185300446476,-0.9790099889957065,-0.10317552516338836,-0.8897877627582099,0.860456807142092,-0.43383635450962293,-1.4432980078888193,0.27205102348467036,-1.281984754308164,-0.8990736206684005,-2.1377686945148975,-1.6706941159672832,0.03204469043120083,-1.8957812768367648,-1.3119502546863182,-0.02624916552038778,-0.540319886902078,1.5308677739569443,1.8988329879026342,-0.7722457158827052,0.5588577382549524,0.6321433766223354,-0.3513141736079086,-1.7778167839507022,-0.044632762891246944,0.08088789223211584,-0.5830557291236138,0.26423968867607867,-0.6071109574503922,-1.1202346179172464,0.16113679000233908,0.453227500158186,-1.3151688707380154,0.7181450822035801,-1.8354805770320397,-0.43610007033431936,-0.34277294783173334
sample_23,-0.3449271026935518,-0.6823408117170552,1.7760805664963546,-0.9377167296446417,2.281724893853679,0.4654527848137174,0.15378297540076508,0.3565238068378308,2.099176700888456,-0.935931322703009,-1.3202520051209559,-1.128309610722618,0.17675817179180597,-1.5419955145889168,0.16189480203293038,1.8014350169181725,-0.0030526213094827447,-0.2547123228945289,-0.35806397371066084,0.8725177106631706,-1.0141643187831888,1.9955291773440802,2.206895678862318,0.10223635856770447,-0.15194083607550604,1.170431944530804,1.452030164372329,-0.649524270254662,-0.4697886578492836,-1.383085720707085,0.4880486328508201,0.465884734014081,-1.377269531594768,-0.2610230022506436,-1.3129408595539909,-0.9540833406993923,0.37074908461593625,-0.451051541692847,-0.2696618643104182,-1.671903319931585,0.21946209162193092,-0.006719855368592123,-0.8859103820536275,-0.19805938157128236,-0.013649932932155818,-0.6873911501366414,-1.3498775513580623,2.179314707161838,-0.7157261525541087,-0.11953600698373254,0.8596642901702655,3.3102074308084988,-1.3163720245408237,0.7308124748718453,-0.8239045259392248,-0.5826549976509101,-0.6857641114214384,-0.9808867634996908,-0.06229392571809231,-1.5968137848467225,0.7489823571805847,-0.06559911251468822,0.5254309033046747,-0.2884770294837421,-0.31430085695163584,0.6441874952723131,-1.4253703563354012,-0.38664451065787203,-0.6222083338796628,-1.0837766263109314,-2.0037504565948905,1.2990200953687334,-0.6180670104323486,1.3918462977016708,1.100326029360472,-1.4196507151119409,-0.9997365632289001,2.1764590717378187,1.8423897109239875,-0.11922986706507857
sample_24,0.5114924030346075,-0.7531900166057549,0.43915237826115,-0.7908627256407976,-2.063695246630866,-1.27138492208639,0.08410850414006461,-1.1364054637677083,0.010008716903469462,-1.0352846330427443,-0.9574949774018192,0.845078859397185,0.41659883560819927,-0.08418735555200811,1.0931491899266004,0.5828930742774178,1.094382688583735,-0.40152746602106487,-0.1622147902951485,-1.3460195487028057,-0.6285721380115263,1.1228870229864762,1.5080549962343581,0.8194576208620559,-2.002008800062533,1.2243500649433288,-1.8515552351011229,0.8307643327150024,-0.2952894413435134,0.8733878088154401,-1.2748996859169313,0.9414840236941693,-1.4988912973124358,-0.4914334151103143,-0.9719920999557791,-1.8508060423517518,-0.08004509627686214,1.8392957629163524,2.3031957787274684,0.10973109742450683,1.274621676792424,0.2847766139606802,0.45311839884910243,-0.3584310985613333,1.504938302273709e-05,0.4603951878101949,-0.6199923697216114,-0.05724827271110077,-0.08677543963967993,0.8920461219427994,-1.28447912964436,-0.00301098931540675,1.9193474779999988,1.5321665931396569,1.6071458897145272,-0.10000746178010524,0.32673862336739784,1.0007880180144348,1.4208444710619894,-2.1382852172023425,-0.9432968331520577,1.3196801866496848,-0.17786014262580618,-0.45866181959300567,-1.0661732662761783,-0.3035524728196402,-1.6787545552634788,2.036367237399759,0.23487360934029317,-0.16709805907501976,0.3937701410853383,0.9552130759149262,1.1431026687317334,1.2870734981178116,-0.5103906708843837,-0.4755496483515693,0.5826408867916066,-0.683961597632802,0.1244701797183348,0.30545385520025053
sample_25,1.0173452237535945,-1.9882917689106725,0.7015652257272254,-0.25984882910977647,0.597628341293708,0.8010369297660168,1.6421310918913057,1.1713133421935165,1.1472959498482005,2.0510681502909094,0.19466603983466058,-0.1624342994595782,1.1130924745284272,0.5459147552973119,-0.19838291537335032,0.5067577855210821,-0.16108449874857209,-0.7476102708941518,1.6247020748940346,0.021952934732573936,1.7788174195094317,-1.440980068229927,-0.5406351118549783,-0.1262290895133573,1.0403874944374876,0.5220116400927127,0.5687001394141095,-0.9285999371769851,-1.1626241364030885,0.44989393245097414,-1.3069469829997786,-0.6638744751175008,0.579310516201716,-0.830550565869758,1.5702379803536513,1.2709768352264408,-1.725207757201756,-0.6304224890790538,-1.990504079006714,-0.7991800804871436,0.8770543367083113,-0.39657473867090165,0.41158360343879896,-1.5943941437632423,0.5573530260208315,-0.466924233763312,-0.1398294121310253,-0.07551568308379857,-1.4140808666989184,-1.2770328143824778,0.815224754159958,0.4138799915822605,1.0357560434510293,0.5903755519551451,0.18143471554711663,-1.6000314706247225,-0.24832132590862746,0.0419170867223383,1.7846511115726769,0.8562734495376466,1.1897745452024526,0.5335219993507702,-0.6147381022562225,0.1945177624555621,0.19722396531720354,-0.7356342888690965,-0.5964199210088388,-0.23604164087664334,1.9016376643995234,-2.3941068738358355,0.9427305809897931,-0.7768027924839972,-1.3576731877291146,1.4111843984134078,0.7810573150944025,1.0076605667803544,0.6096211812057947,1.712682372125565,0.6760632363061986,-0.24256284572965542
sample_26,0.5934863050018712,1.2653839599555958,-0.6868425210586134,-0.7191467325684494,-0.38967187716264895,-2.044685838641532,0.19897095602409864,-1.8377356728357646,0.10680651408981036,1.342231144214876,-0.6297046854227212,1.856237247451939,-1.4857339814663437,0.935981384477922,0.8715647515663606,-1.6238965763124502,2.165614149706288,-0.053652804811592625,-0.627461578516137,-1.4529088655057703,-0.42553834233041754,0.041839664812268126,0.18695034463252988,-0.46308294619302204,0.5171729203759868,-0.28657334073672924,-1.9601749008540263,-0.0791369168826671,-2.4930821652422135,0.4847359028165184,-0.9174049225159601,-0.008515309687825722,1.4389231721035647,-0.7942741546944929,1.0389328581985908,-0.466238538969437,1.5579280649872416,-0.11886854318899626,-0.7375231219630184,0.7193752762051502,-0.48736649580018815,-0.8475338482047127,-0.6120510570492466,-0.04682668440773914,1.0604329487313384,-1.6373138410077115,-0.13095913454597688,0.7770054647679212,0.18881180474667905,1.4218129635828396,-0.26067077164971103,-0.12608783766717857,0.5665478423183293,0.3375439201268435,-0.449041781848375,0.3213603477285113,-0.6199464696174177,-0.5017608831148047,-0.5130127942988233,1.6122590583305847,-2.3687655508595666,0.31052091679849547,0.13506600009338662,-1.2942581092863794,0.25953248119375155,0.8558626392642041,0.4391807369165232,-2.656061940808092,1.6567193726490368,-0.9155147455490894,0.48129490750074333,0.7534135905278276,-0.8232223453431811,0.8047764987802607,-0.27787463353763664,-2.170031264864084,0.9223068563311158,-0.9133737838014622,-0.7064815051590781,-0.48594288722367424
sample_27,0.5257376340925308,-0.13546821259058486,0.5466794854720387,-1.4743843958982736,-0.8106817878308883,-0.0808006330975836,1.9268405283427354,-0.1915400730720506,0.9370688973460334,0.32902270123692257,-0.6369822492009086,-0.5047141692823666,-0.04662675385043975,0.4368108748288334,1.6319775702776333,0.4614066796667753,0.8745105686022349,-0.8449667999431751,-0.146627436827556,-0.7642523971312016,0.09375997948913854,-0.18735231108038405,0.878900551545337,-1.108588833837654,-0.09533274986908463,0.8172451434000174,-2.1069660142840823,1.8935800013539006,-0.2022726671094353,-2.1661476266118385,0.23398857135244833,-0.13098014866099328,-0.036796728522562806,1.301715264011271,0.732500888030811,0.30027703201352873,0.2711460383756405,0.11633227089640703,1.530389164832624,-1.518877505495919,0.16573487905418488,0.10856111673786158,0.7959856098205491,-0.8838476804993595,-1.7922253446962846,0.1373187539828556,0.07890848312020307,1.8040240832380714,-1.4127827130070367,1.2517795605903193,2.2601794374751125,-0.3048731841537437,-1.3639938286114548,-0.23050061697162946,0.028974034258028244,0.36218825192103665,-0.5604983997780697,1.5157540145933075,-1.0561860654698816,-1.8972303748584303,0.8685979670502769,-2.6382027114281295,-0.10468784778098021,2.679039432679976,-0.013231835954177306,-0.9399127002288041,-0.2487590192706661,-0.08272520624659757,0.42231259955149186,0.6258274938823141,-1.0522414986197757,1.616598039087813,0.38706165501318507,0.882210375003297,-0.5078355763140221,1.0381041463459881,-0.2914921984674931,0.06168349082610996,-0.78338790642079,-1.072081647354917
sample_28,0.9244002065678708,-0.5515393752890994,-0.756022896376274,-0.7095851880643701,0.5893673361209902,-0.5874688655644446,-0.05212100106532894,-0.07186824450339437,-1.4781717164177661,-1.521174617888511,0.24284447140751078,-1.106420110862461,1.317927191742716,0.7453112730190796,0.9194324214513719,1.9282427898517815,-0.20175069207191632,0.5721896654108518,-0.32299303589297873,2.439738780321153,1.7155891746628276,0.17970761783221412,0.5002404741972591,1.2262006781770494,-0.2926923124902945,-0.5629104268775418,1.2033490516939207,0.11874410529163812,0.3100524534602868,-0.8391866383167104,-1.6648649286493333,0.06009195801211151,1.0064379585799288,-0.013178440716111987,1.4052838668086267,-0.7498057246981927,-1.2149389254196123,0.14981679813766297,-0.08046567782736022,0.8048481045392094,-0.872313447504719,1.4829613633903114,2.0540888447429,-0.041106012849491835,0.9749510703280162,-0.8924704716711588,0.7243979951009909,1.2786671316744898,0.9218644425508886,-0.03056210834417933,-3.233856724282136,-0.5491242161630174,-0.6822755457354566,-0.8714652293555372,0.15691107731865975,-0.4799705794459979,-0.7872857221361724,-0.9186258198911712,-0.6866677629576011,1.3494452829103718,-0.45375962142776743,-0.6949856320557406,-0.35868831280895075,0.3782300178684548,0.38373960281925423,-3.103915027508055,0.8984857702858768,1.3886112153270984,-0.817312364657095,-1.1737573814742668,-0.5289489923205934,-0.6119212211050937,0.3642032810177689,-2.238439439868919,-0.9719897072643525,1.2796536084315124,-0.863267737242432,0.9564074586163885,0.47709188985639017,-1.8738481422776863
sample_29,0.8737239596478034,-0.20051360710966426,-0.3858516659525657,0.26591850913779486,0.37147387473942495,0.7325583402925062,1.2202669497945355,0.29326577611201615,-1.0424213164730285,-0.298707173795829,3.0400198846970308,0.687168847653963,2.7798461794242564,1.1094237750929599,0.4004773661917277,0.40286369485095774,-0.16234158717742955,-1.5238428422236652,0.3028587050662072,1.1873650950105492,-0.7943893033449825,0.5757033963251811,1.0133103452953232,-1.0868533852190232,-0.6083540713013248,-0.9340600600617073,-0.7069094833324128,-1.0678819163057023,-0.8807217281834925,1.672307125252223,-0.8527961675152558,-0.04329979203474328,-0.48182100973063663,1.5044867334305554,1.2829623203652736,0.8937635347080995,0.12892181149332077,0.002065147457031112,-1.0421515017623264,2.0173123205771377,-0.8549601714689237,0.7399516659113768,1.0645729417929422,-0.5816358810533293,0.7792509504848218,0.6528330666796106,1.2550567543935651,-0.5226598820110231,-1.4297438358010324,-0.567412951191973,0.03170113466861454,0.098548061982776,-0.4439622502549484,-1.9159628748976112,0.5685297278504503,1.5692366260355168,0.46604269746385807,0.6346989698425842,0.5060668401572038,0.5272483223313238,0.7376556573267498,0.3102722797174235,-0.21385095264986895,-0.5615583310970793,-0.2140771940403253,0.6740686395031074,-0.5237975747376854,0.2785269901967115,0.7074343303254083,0.8139994948500582,1.0111363185401885,0.14869713113262786,-1.2882992833304432,-0.36905007159293957,0.12920779588421866,-1.9449217039001645,1.1105134135971428,-0.0635333949966196,0.5025419054661807,1.2596376605875554
sample_3,0.1670757636440918,-0.9810611753577356,0.7351362600132069,0.7156709588960839,0.85464757226294,0.0206162457181321,-0.5255370941495535,-1.5336880704195721,0.7232224107494558,0.8012709728619293,-1.1543217749048587,-0.8628737838670906,-0.3789138881027221,-1.3357516831350251,-0.7513100163164295,-1.0390040867177472,-0.48085521525722763,-0.6464083906141498,-1.4060993712975225,2.006263081055287,1.0052395374483474,-0.6031328765131471,0.37427503412785507,0.26607260461133186,1.0961224722566176,-0.729313044505553,1.4489986745221373,-0.42533533405413143,-1.3592699526700598,0.8974618938629119,1.3805942486268632,2.2769609139870894,-1.2184883395738222,0.9859333940958968,-0.39753251833015507,0.8091616703456731,-1.6255365512604085,-0.9283969632777848,-0.6815027741401504,0.0909362912946789,-0.7203636074267944,0.7351082943886947,1.0289434940733546,0.627802512695405,1.316137537062802,0.35714461309388434,-1.1390213639825038,1.6541063179866893,-0.6849631685176301,0.9841081070041588,1.440791366312738,0.4672674413654016,-1.5743613351470926,-0.8040985207699711,1.5759002911770086,-0.26587206034761135,0.09197081778768669,0.7741021130136994,0.6207856540041372,0.3930473896270736,-0.11537342047350649,-0.471618596023345,0.963364799862452,0.5559032899429769,-0.22113542680349604,1.5379005438308115,-0.32492425198282426,-0.8750606205713607,-0.5191726653913548,-1.1808504105793154,-0.3709072605165517,1.202710797628727,-0.7459734942110399,0.2538144938834075,-0.5348823773956218,-0.4396654826643664,-1.3589281001320297,-0.3997151091933261,-0.06003520883416843,0.4451366134620468
sample_30,-0.3390992099771563,0.5444336730704644,-0.0647011047361627,-0.20532900177165184,-0.8396339466993585,1.6786701291416337,-0.30528639947420805,0.5638627672335661,-1.4441126044701116,1.7279116990613321,1.0110712764384562,-0.08236020268364629,-0.11180881767141625,0.2638167299885292,2.6258008137499624,-1.6713180923123847,0.5312959088112175,-0.7982697782280385,0.2634181917876204,-0.2837328471163038,-0.6279284743885406,0.15758975815828719,-1.177709438641256,0.8896708251746427,-2.0019586167165957,0.6661364753248556,-0.14871711976661775,-0.9665265184493794,0.331362137843635,-1.6445218230954115,0.11415143940448419,-1.5037658157971423,0.53740037239785,-0.767920741210049,-0.4377566376617583,0.29616094196857273,-0.936296931685598,0.15817374540476375,-1.3212692463922897,0.6611439747500171,2.0103378662413114,2.985032696945777,0.00848302553479132,0.8253438935785206,-1.8263859129928455,1.2796430104618957,0.4813261500961949,-0.5399851636599043,1.3307872663914753,-0.29235769451052074,-0.656778316867614,0.48452190882349366,-1.1306936833986674,1.3723571266479666,-1.2357566623226293,-1.0207779412896385,-0.8700178490897744,0.7747313095803929,-0.595230189631351,-1.4532383470490253,-0.4123586573529701,-0.16172323918477394,-1.087071423512908,-0.8560786491630183,1.786720790486451,-0.647235575697975,-0.5311969281868809,-0.3957926380856335,-0.17353176720681227,0.5807803892581711,0.7137455066976264,-0.20147603963352026,-1.2113780039632465,1.5214950028459104,-0.002902581662768996,1.4622615879056162,-1.9855472707732964,-0.014414226261975062,2.0064307569740834,-0.4367891426500581
sample_31,0.04871511251830579,0.2444660937932724,-0.4818696302905722,-0.3459035091152927,-0.41770033994184397,-0.5858718253609099,1.269952230305957,0.34244045830897385,0.26572913534079673,1.2727192156109692,-0.40166102519155894,-1.1520408870012742,-0.5302395279954494,-0.07446289956151714,-1.0138815047714649,-0.40250785123108107,-0.5686713573313317,1.8681542831355265,-2.5974599104386753,-0.21488542404784747,1.464967837292283,0.28855110117157395,0.9049890969089442,-0.05773646098459884,-0.8325512692097147,-2.191476664336907,0.4504269235050528,-0.6231299756774716,-0.7706909732817915,-0.4655549230155504,1.8402864576259388,2.1043904816168406,0.2793930489681728,-0.2713610011382357,-1.1469115802009568,0.47916766025889107,1.5872681813839808,-0.012617961866159478,-2.0713195835164764,0.7016166815995418,1.125622718567456,-1.6326785673488096,0.10152479119013508,0.47243966781654045,-0.24790279588832262,-0.6669389480241169,0.6762017272746047,-0.4443097281757323,-1.6478275487643514,-2.2592773878870926,1.117772088554983,0.6152972972310768,0.04953256492901552,-0.26786280994068623,-0.6128543730495284,-1.0427857509864018,-0.4049689428613423,-1.9069873870155871,-0.7056990413614775,-0.2762583428234248,0.4969431424586431,-0.1704296422442753,0.9000318767335796,1.214647638433384,0.8939869640699613,0.8499662421990177,-0.17512052824816352,-1.002811780847146,1.0153798343629037,1.7460360900090774,0.17518664846839077,1.8260945342736665,-1.5232710298062744,-1.313490448114225,0.8979097992983367,0.0615572902136721,1.0467202642225792,-0.2097548696015143,-0.7196708516360013,-0.2989355569989567
sample_32,-1.2040909167430673,-1.2892436393454665,0.9410306965213636,0.9555062988257919,0.26304253638684344,-1.665944137283817,-0.2885002238976364,-1.2236537343126372,1.010518617882954,-0.4336121591621256,-1.283049399125336,-0.16536600257307166,-0.5720402397777496,1.1844417139691574,-0.6612187031656693,-1.305628045725485,-1.9555921779494445,-0.02470778854682327,-0.2996492398835829,-1.4749139024918032,0.9437216821290483,0.8283940879529008,0.042560288235016216,1.23132700690468,0.5475916877055214,-0.7336799572693529,-0.9513625157565375,0.7611537165559941,0.5445627074028644,0.2796656934764595,-0.7829679256875749,0.41057032744078237,-0.748883683121477,0.12060179656851829,1.415551240695801,-0.7046469131924616,-1.7267574373526993,-0.7388048261582313,0.853139189981421,0.272530144065406,-0.13903410779695102,-0.496984832094746,0.4383705206746689,-0.8893468230992867,0.10224663250467049,-0.6164252402800416,-0.879491555137198,-0.7223646823793163,-0.4335888474409213,-0.06701507654996314,0.059165055111745926,-3.3682564764498077,-0.8685716018209128,-0.21321722116780206,1.7913991271952567,-1.0464414223277914,0.1728993844601088,1.4597202020399311,-1.239951131159772,0.5237624736526405,-0.5594195194682767,-0.6836058608066325,-0.7070664616554673,-0.5084560709098922,2.304339069362178,1.2705830837068999,0.9836521859159946,0.4542904806224503,-1.3866035759230704,0.33153563837221073,0.8246380317320702,-0.7007458664401408,1.1640742144007337,0.855994635414598,1.842596020625367,-0.5901223129167322,-1.0075739355863147,-0.5304115217831719,1.533879246039361,-1.8927372950552572
sample_33,-1.7174956752016217,0.022485738944465584,-0.3738850401785093,0.005353904139419831,0.8286685523040882,-0.5119501773490609,-1.7756134978086058,1.813166712479508,-0.7380351706198703,-1.0161366679215147,1.0663424687017835,-0.6737800513877624,0.07035446382236002,0.3341457543511806,1.3155948597609268,-0.2349369616921904,1.1565677635849878,-1.8733696575069445,1.0734133157917247,-0.8804683324721957,1.1215730096227097,0.3085452753660905,-0.6687650509305261,0.5162151584781365,0.7869634357138258,0.7710539599519899,-0.9406364005403216,-0.36983833091536555,0.10445334616487147,0.044524607025492206,0.8329223612767183,-2.0618315553494098,0.40320308130432125,-0.08251527952793465,-0.8161509643803914,-0.7902354207389645,-0.38525432977919577,-3.037238898171728,-0.6168415143769599,-0.895493943828281,0.6119223524679204,-0.8096445839445882,-0.3255340493936715,1.6150549984546434,0.7388893564955827,0.7700081179561188,-0.5561033913753141,0.6797650667466352,-0.2787593428649715,-0.22838303678843644,0.23903803574581703,-0.5077311125016478,1.4898282022996894,0.04645333871265142,0.7433205828138177,1.1264180676492588,1.017801563622816,-1.2446866278427429,0.38794764540745497,1.0421313735147777,0.7078809955601362,-1.355750265812907,-0.5601622926708433,0.9210508358262601,-0.6487658657959504,-0.01636620493718325,1.487763230310447,-0.0797556223919403,-0.48621060850094294,-1.0695176069120265,0.1668450841758701,-1.1382764843128,-0.1442261108220215,0.42279129851035385,1.3186317502349727,0.4468457315258029,-0.6808267017360329,0.8961874207535674,-0.16354836703072945,-1.3077463035976353
sample_34,0.09994335025749353,1.475069305686577,0.19093868049600457,0.010619441434834953,1.5007474418307234,-1.3798201520673363,-1.198867805843037,-1.5866871120401738,0.3638808642457189,0.4858176648702883,1.5374256636476884,0.0968623806992995,-0.3091887876890535,-0.07445284863874738,0.2655715134240942,-1.5794200784374668,2.1652221246149366,0.4588898868844405,0.5022769372380683,0.5867332582115492,0.47751999607333284,0.028827017219317796,-0.6227942505915391,0.45159336166115366,0.26030157031990314,-0.7203602219191242,1.8171952433236271,0.30542990046202584,0.9110485753651709,1.64162308035037,0.09610704375811449,0.1362663070890006,0.9060796112295025,-0.5523769253918832,0.05541282143091993,0.11964257638755009,-1.1175237605891766,2.3006420863524832,-1.2289075509312655,-1.3317821027723293,1.4988271416418162,0.7922877864664509,-1.2098110621323643,0.6358784425899388,1.1766064974089387,-0.021468053446897416,1.9630375224470176,-2.012913445836826,0.7362853994488399,1.2647476210095263,0.7362978928050543,-0.14441324899080277,-0.33838063785670974,0.7244373442647221,0.9766396188210871,0.3953394534447353,1.0259739726934984,-0.8814394001530883,-0.2349863908541552,-0.9902131313723582,-0.24811101504344865,0.9947695150069452,0.20919621746232336,2.256068537252132,0.1609278101906002,0.3878756082059935,-0.07483774123694051,-0.6634838235484782,0.19863137579118387,1.1383514765948033,-0.027547414449271994,-0.6460808254593221,-0.8754260052663018,-0.49173403606081223,0.15744954958429297,0.9494435762478397,-1.2144842705943415,-0.4916890463919377,0.2706438826676,-1.897968223134012
sample_35,-0.5340900768053999,-0.8060067272526182,-0.702263423652444,0.2076308922582352,-0.24552272598195424,-0.5146331885924171,0.4835939764533772,1.5146316456017197,1.382728954261456,-2.0746907109157617,0.501226977434788,-0.42040361593317116,0.31376793707086525,-0.414313321790672,0.26544237591944003,0.2521710688363125,-0.6219139626368801,-0.7848771603675466,-0.18201595206202692,0.20255283605872412,0.37023814941487687,1.0126014981513152,-0.47157689852924284,0.12985643711381248,0.8588979923318103,1.309050410826344,0.1527776314253496,-0.1413069959675236,0.3189876147121078,-1.190700315209166,-0.12204370217881573,0.5393715394073283,0.728397228825435,-0.06121574673781751,0.21523071781584582,-0.8763595819974798,0.5213218437034614,0.14026504240457427,-0.2480970544432382,-0.36436059926037895,-0.06414564481964245,-0.4324176704008572,0.6267998935373661,-0.41407723187160034,1.292265449743577,1.2477951667868852,-0.8745195263523771,0.11758277043697153,-0.7347463626548644,-0.37144161874607423,1.8833703286939216,-0.23992136930517557,0.3286185610168111,0.8334668807971806,-1.1703207849752273,-0.8537095224500498,-1.1581803430826063,-0.7576722417837802,-2.663371862042217,0.6946898350666841,1.5773645790972797,0.03689958144066654,-1.3237024505896335,-0.4346952670788395,-0.3920118713763083,-0.8238519548907788,0.7268268115091381,0.7691687719614155,-0.9250803764145021,0.6949876042119046,1.227984316936543,1.8126872754737273,3.213795682996447,-1.0191236102659,2.7639141448506024,-0.5293787039859439,-0.5772345186592989,0.10755544298148426,-0.4399622607732334,0.3057305833473941
sample_36,-1.0003294526404718,-0.33091835016498594,1.2320135289187681,-0.0658083654947995,0.04797676860969761,0.5031109686953982,1.2128135069153136,-1.6232631410171638,0.5343118614074037,-0.04684794341702026,0.06081355231684794,1.098846813800475,-1.1891158100511672,-0.9362045720308788,-1.9664364091106246,-0.4516316697661477,0.9959804795464964,-0.10357242112304581,-1.1080748198697639,-0.5235764919346168,-1.6574095160222717,-0.9457720779159927,0.5027039347558679,-1.3561783501874014,1.014705189921644,0.03857609417979362,0.3154360661353041,-0.19120381249092527,0.9583396675895416,0.9632359293911427,0.41312710343427683,0.36988744076537716,-0.17442996481597534,0.8166103574763385,-0.32730034056741086,-0.009618738600021739,-0.4446105115158357,-0.20189946865517575,-0.6062840633698549,0.4925487995954911,1.4947178441605415,1.27518564931072,-1.4612934346652822,1.3500207782698528,-0.47443575038031466,0.51408143942852,-0.8864472681942964,0.20342617483043324,0.32040748375091216,-1.6403056276656283,0.4440520796329687,1.2901104490720516,-0.21968069710246946,1.7521955604964696,-0.21179695008176896,0.607098813556968,-2.142811318104884,2.3199930962999025,1.360837898131974,-0.24639626750450988,-1.4345032977611993,0.19173085752847827,-1.3515160129746355,0.4658842536098069,0.34586122615585935,-0.7381624026267944,1.0040969381209777,0.7645333105449059,1.2568673157316912,-0.0935449207467213,-1.386743403114068,0.9693737923266317,-0.16907825571663013,-1.588533307570681,1.3687542354309237,1.814900598180229,-0.10764599374137791,1.8046452897737209,0.21879880500882198,-0.4636271096208896
sample_37,-0.3394017027582916,1.6892920532614095,-0.687556699695567,0.8044610203426938,-0.6327080623961412,-0.4208336011618657,1.0749499509059584,-0.4388194765424186,-0.2614875888805421,1.6700853322833062,1.596079158950872,0.589236139019262,-0.588318637071142,-0.5097322022783554,0.22448688380143256,0.42247687720780436,-0.9684026206977678,0.6373148557458785,0.3729456599552193,-1.7641840676167257,-1.114332952346911,-0.33104329739717325,-0.006693699521077303,1.7664770221331587,0.10718454467843057,-0.7520850058630093,0.4675175733415504,-0.25523677337721873,0.46586007301589677,0.7374725413136619,1.2980630050511557,-0.1853987147755692,1.782369152459615,1.2118567069301542,-0.6881718124923651,2.304421248154246,0.14952151599638597,-0.542719175862573,1.4241210409620115,2.1560114317999086,-0.030246058046995376,-0.491243304957314,-0.27892502337196123,0.7483990617757468,1.0009703256824396,0.48841081867726693,-0.06702523884559072,1.8140156329569321,-0.3651282647941344,1.1161502700941772,-0.4813107170001104,0.44351891115798925,-0.15706208018676643,0.16345098149285525,-0.43364955496544727,1.0315150160409237,-0.6981275945039216,-0.6219480646853116,1.9401249970973278,1.186411901336997,-1.743467119457092,-0.7505540410523575,-1.7216675400548722,-0.6896545293805081,-2.6635375765116485,0.16664706638600196,-1.4018639127176562,0.026802262460890916,-1.4059165624201577,-0.012014339199494132,-0.4975464274096503,1.4473353345794417,1.645280968603401,0.9505594502714737,-0.2220756121814025,1.7059545946508672,-1.3955552506185365,-1.4955876275985918,0.04750131092237342,2.1365885664850577
sample_38,0.07090630559640669,-0.2711388155989247,-1.3025013496616407,1.035843208631674,0.8363077400924713,0.813029602467974,-0.5544021785577128,-0.7422430974324552,-0.9760495526609284,0.3845615707697393,-1.2773189429354892,-1.646866557922676,-0.33094507046361504,-0.49150875902800434,-0.44723818191698905,0.5686636444677607,-0.06436567818768456,-0.25073449458075275,0.47423285880116645,-1.033774979884394,-0.10947132586316084,0.31701608222015515,-1.58471385787926,0.8555336480011547,-1.0547453064655505,0.20441280876986778,1.530430578594518,0.8547040655189443,0.14666428455493785,-0.313456025134982,1.0331229589781505,0.47348909888161334,-0.6039154793405997,-0.6280429387472556,-2.020991264616608,0.14949883352040746,-0.2550592881006977,1.2351392423807823,0.30241825336288636,1.387814064860558,-0.7842423606959583,1.240430220350661,-0.667752781522875,0.8142344605498443,-1.5288417830542838,0.20378525892923569,-1.7632112559424504,-0.2824917393798634,0.4589576552638315,-0.5843742744495998,-1.2683794672740565,0.8276174125891524,-0.1467088020554525,-0.3231718815649846,0.06194105997499121,2.1385229450044525,1.1362911777136595,1.150108055149594,0.3792893193475744,0.2655791734090276,-1.7516721919438394,-0.8761368047115295,-0.38270054529751696,-1.4549119130995498,-0.9841624812383036,-1.9073235209212343,-0.2284796330226923,0.777584144330214,1.3909319532480522,0.35336379268561574,-0.984956998050381,-1.684488868306124,-1.7728094597402584,-1.4475225060692072,-0.7549061071828004,-0.3435859815824157,-0.9364846555348016,0.11858208217574376,-0.097766246832518,-0.07771295456322866
sample_39,1.357638506068851,-1.344859302943627,0.42646988605403585,-0.01848188079472709,-0.4134955350349785,0.9080160418556398,0.9264592317465091,-0.9649637489898303,-0.0824022072275588,0.6264115274541778,-0.4109438242471618,0.5160105383544391,0.4541463372612302,1.4807570589722554,-1.5259886056074228,-0.02293738910539548,-0.9011549666316423,0.5328678927504564,-1.3958843533732193,0.31556991843831084,-0.8239349619375279,-0.5587324248307055,-1.5223200706470879,-0.633612229127823,0.9855078635751372,0.08576151573831756,0.9259484564371999,1.4966122575324579,0.39881419039256466,-0.5322081854723205,0.5469520949750133,-0.6755805504806943,-0.4834637140316635,-1.4113613417396893,0.9071086059310597,-0.4165673132779475,0.006433021617221404,-0.7238471777003577,0.369079799728045,-0.7778453948196911,-0.15359713316695275,0.9658556464279192,0.771425135513585,-0.023183226759231946,-1.8148354787794592,2.5443253296722776,1.269604930853417,0.8931305483908593,-0.8469459650375188,-0.13798020571222266,-0.7449395827800701,1.2141605858585447,0.22844257507675012,-0.6536991791289326,-0.544010945141857,0.8398467888561435,1.570573249731215,1.4907331865295648,0.6770063931260358,-0.2100780497051937,-2.3840987183239033,0.20181494411958745,0.09876065687258284,0.21344454847129835,0.04266618435611536,-1.171054219493086,0.40491256862258657,0.593020495410775,0.9564049593629564,0.9388455713758772,0.4079664075457167,-0.296392411522015,0.04619276160353954,0.1401737309256906,0.1895153412638389,0.7627804591095666,0.4758427554428169,1.7288917774148709,2.2880456137924114,-0.009508218689589665
sample_4,0.4788185857224767,-1.36441742512929,1.0448780178812829,0.22785565844887523,0.10314740393423096,0.024687324230088088,-0.4449619332476552,0.11647661371462885,0.44668505401028963,-1.8591449570225924,-0.696109250213813,-0.5148049405215559,0.4262777361883003,0.9377231057125374,-0.7013659764745469,-0.4001980600058619,-0.5656357411069981,-0.7015869457005812,-0.07656340251528189,0.74370995077111,-1.2356979244357762,0.5914031629418615,-1.804123842215324,-0.7317442174793035,-0.4819355442360512,1.8322168018168539,-0.09045332291032165,-1.8615213817396496,-2.087979175019655,0.12842494286999243,0.6952741279844972,0.19141436995387542,0.2269194502306603,1.4865445726511581,-0.5242704655604503,0.9260907425034416,-1.7850466423270557,-0.6056903082611551,-1.5754667607585708,-0.2746019998720028,-0.0452682990627331,0.16032446815360396,-0.023453630409394303,-0.9715028979526799,-0.35618468748196996,-1.2667205562329533,0.9585388940823729,-0.3258300527203492,-0.5577489110495099,1.7276173717819576,-1.4664012132266475,-0.9968522316987067,-1.1643844368598733,0.149965696608471,0.5226075263999499,0.5129133507045689,2.5156748521935066,-2.0274447704966856,0.5396740435389246,-0.5556682017369418,-0.3979475521413629,-0.8107531731072981,-0.8133246180456625,1.492357102054047,0.7109918835531451,0.34682478797271266,1.248688423641805,-1.5288918227898596,-1.104500484943386,-2.5011500411141574,-0.750367759603411,0.2250234138911808,0.2335868284339991,0.20813231886945185,-1.2497830787759796,0.576409674070704,0.13163527436327357,0.48363045761911944,-1.7222155697427735,0.21931648833458928
sample_40,-3.412207773850881,1.2582365008313325,-0.4647533799953355,-0.883457241118028,-0.47659363671080024,-0.4073396044603349,0.6645561123263742,-1.5342906861127024,-0.8027825637121796,0.7023308058961674,0.5504494172574026,0.5853726951906065,-0.7356357582719573,-0.9070002785967625,-0.4131638056082426,0.3410451077550058,1.127356080629993,-1.7957679235574235,0.05480688253693856,-1.3778602117524144,-1.8171265119463496,1.1250514907809148,0.6746143952870608,0.29866203328387747,0.815853279199656,-0.38117619846306344,-0.26821183935865656,1.9492604032995569,-0.16206795654965322,0.9097150480166962,0.08040889561528097,-1.904747498001799,-2.111660708593028,-0.3947656625097677,1.0338990720733845,0.814332403373687,0.7292795323832441,-0.679731834096886,1.3920089374653872,-0.9875254123739496,0.24878279083795568,0.02905802764756188,-0.28055961461605905,1.4017440688754057,-0.8321462376098975,-1.1412421307379472,-0.13346728202635724,-0.44008973648988464,3.672439888956199,0.7277935633218043,-0.6065167763663605,-0.9325647317485847,-1.9681325412018498,-0.9241580010050302,0.14828104153863636,1.102190810104502,1.1053545956716104,0.2807724770947625,-0.32333003508830144,0.38171240842476084,-0.347246736576024,1.7712503999951137,-0.08966351964514901,0.026047059331356454,-1.881372491642291,0.10090746025960214,0.7016301870667928,-1.0888208439375562,-0.5107261427804606,0.7694454312079416,-1.441069802105426,1.0422687913619422,-0.45149566216364456,-0.4197871114326889,-0.9776291722395964,0.17024429804957641,2.0230876547229766,0.528504837095847,-0.7160607825284648,1.0327231705469595
sample_41,-0.03867729128116854,1.40648357052385,0.7869916207447413,-3.235782241436938,-1.0648782749506687,0.9664104948850716,0.21230337278336228,-1.0367306014560385,-0.4455274873842439,-2.054425978024151,-0.21282427867735293,2.5110431347093933,1.0374842903138783,1.7847504218768508,1.096881401807785,1.1322901987586633,1.54136673300988,0.3336491009779731,0.08960975968127195,1.0078171491562578,1.200827576858194,-0.30712550074869877,-0.722458912264486,-0.017948572020033304,0.7229418853402061,0.9315146584396516,-1.3849012963846596,1.7111398174010788,-0.5957522734320757,-0.2048781468822532,-0.8398156734156247,2.381047080052698,0.3056761684546967,-0.6886355875925082,0.8462404562741519,0.7942531393149165,-0.3587781871388625,0.9685621376708106,-0.724344680194272,-0.4999041949463669,-2.2742736985609793,-1.3564477804148127,1.8803786514620413,1.7188930735506913,-0.11950305689616994,1.415608178163759,-0.2798584523378261,-0.2543104313731715,0.03898434127351366,-0.15039474936479422,-0.40608403982839125,1.1026978707036823,0.1132549334775485,1.0255052766728805,1.2315089652026796,0.211707821273151,-0.928929112775906,-1.1924850662762412,0.1137253203163644,-0.11773109512421673,0.10609462609165818,-0.14406732580100737,2.698828031726628,-1.0039176332955846,-1.6898975510171428,0.6945933590536565,-0.5879515949476958,0.2802377678723773,0.8556083448453867,1.310449717389625,-1.4682347954115949,-0.43017229712145977,0.5851921080524204,0.9331872146285046,2.166143760464479,0.7221612112706663,-0.12088510031858242,-1.0202642444511036,-0.4225764927620566,-0.6731124083929784
sample_42,0.8928002864237261,0.20298756287700542,-1.1926078449586828,-0.48191372373415325,0.7628455886287184,0.3810499264663753,0.6217226852797546,0.26984585229812297,1.3724120130912083,0.5710549153259503,-0.532214846183434,-1.325753622384979,0.4189699951123936,-2.149320803876591,-0.0627350138633458,-0.10672655947833191,-1.2875144455001764,-0.8128908326071927,1.125220937281155,0.1989748127734987,-0.11286258613448463,0.4711740631907148,0.17589690322539386,1.1075038332882323,-0.011895218463308689,-1.3863807806102342,2.054935724260808,0.3723063721140224,-0.5386984920059708,-1.3062544386128874,0.47473605276776115,-0.2729563003026862,1.7138526570904633,-0.14293991183592347,-0.8150574705625937,0.9270190970267476,0.7403444670301502,0.362549940407309,0.577501375431084,-0.02958191568199373,0.2726630878308295,1.2687400363228658,0.5910027757041374,-0.17738658630448198,1.0698458897220264,-2.0029221139119397,1.5185474672809152,-1.9914124439405672,-0.7089645799265406,-0.05834495179414425,-0.33514263300093033,0.9759402311558466,-1.125037303995511,0.5186907441477338,-0.6710248034776765,0.13197400444913435,-0.04839526611911822,0.15396936820996615,-0.5333221761821636,-0.5022512672894324,0.25561601819899415,0.9158061217288662,-0.501073113795752,-0.6218205090671332,0.5170069016408623,0.2841732219068611,0.6952657719590475,-0.9286193379096763,-1.5639032397158044,-0.6901125241295539,-0.8098527339429512,0.005699359488805604,-0.5644543473408035,0.8988132196793243,-0.18562441737624702,-0.047186720189922655,0.061784507340774966,-0.014829343460638376,0.10586056637307785,0.4158356312340459
sample_43,-0.49772551916674723,1.4333355031641153,-0.18241187835489148,-1.4436957848982481,0.09312288729051987,-0.8068522200662234,0.7166577487491204,1.9665402688005449,-0.5685852643659632,0.6891117022983303,-2.0017280506510113,0.35510386138703876,-0.8455418035483695,-0.6067656606952225,-1.0596218661186354,0.8355977564944327,0.7221817327907516,0.022866820850294442,-0.6138970196548875,1.5694715976938551,-0.9408816384451133,-1.9720526925344273,0.5794651227149834,-1.285737421894408,0.885991096210569,-0.2799039862007829,0.8989559378286235,1.268032211062021,-1.219684807636282,-0.5401620921784068,-0.0026536445194579148,1.286851898529295,-0.6462193542024561,-0.411533531987743,0.469529223218445,-0.6170112969535946,-0.022770386859414873,-1.1888260475397932,1.9108382174756469,-1.3830318691053662,-0.35793935043220587,0.005717943787899383,1.9949493664190534,-1.3875719963609123,1.6534777013729256,0.6468610311925519,0.1893622777185579,-1.1346780742504061,0.602055496333576,-0.8062891131943397,1.1237720683595562,-0.8538662153739831,-0.1566478677335473,-0.3968886184962909,-1.1548290466594764,0.5143224588141055,0.5352869677338875,1.1933537364549678,-1.67233751814785,1.2843819094770785,1.9149267118204343,-0.625086077343818,2.006498089461071,-0.12036629530618126,-1.1664125875695828,-0.023043488973092243,0.9267340940383478,-0.86171849726371,-0.3567690374872762,0.5501656839203768,-0.12610883679029916,0.6107304500628753,0.37920239375152814,0.5936825391271225,-0.3222336936550146,0.030448883926208148,-0.8625462006473091,0.998097458292522,-0.4910424009157385,1.0260381997869863
sample_44,0.04093913150078085,0.14375612214949948,-0.42255460262920946,-1.1190694958441478,-1.7843406107142799,-1.0084601970597167,-0.254631556909851,0.11097495343948237,0.8768659165016015,-0.26452890749840574,-1.0643773494980127,-1.9724426224522154,0.6756475553827189,1.099026437672419,1.5142630658408827,0.8132766360603809,0.40971634832324466,1.4932142655165332,0.6290923080705431,0.6179652485440412,-0.5234451496134074,-1.1802157438674898,-0.6808397974311119,-0.1688389092135459,-0.07690717461088509,2.0905062691991656,0.31057353356595324,1.0746194278951764,-0.36924850907629886,-0.2568200881592964,-1.2714166260166826,-0.8622532858027097,0.606863596137812,0.23896062709369623,0.9233974756343217,0.17803315009542942,-0.5214497110791162,2.1479205391509963,-0.09027167910315768,1.2109095449004166,-0.44811908152766744,0.7884202942675284,0.9211106262412272,0.2182336403458809,-2.3568774121522216,0.01970884515282625,0.8506019718114741,0.6612942651284452,0.4649588112705571,-1.9007196068632373,-0.9277085148200324,0.4253220808586525,0.3800347416658482,1.5889461494860315,-0.15881187663985374,0.22682277684905172,0.030513971874087303,-0.8517060332472595,-2.1130674322334837,0.5657936956255899,0.17084282694185238,-0.8089895109692947,-1.527757563796427,0.6189735731319495,-0.22844265263717625,0.9471099970100403,1.7941530731899142,-2.151098447177019,-0.4583912144109901,-0.3338108527141145,1.1640130292750013,-1.4148450253147322,2.211150610070287,0.19238967543969135,-0.0035276449757277663,-0.3801900723003375,-0.4441638367592926,0.7754836757769188,-0.9158635345502455,0.25279842278262527
sample_45,-0.10337104445675942,-0.8945816922422183,2.4404000408725697,0.45713713210707785,0.5061345155371402,1.1573999072374663,-1.3321548535796086,1.5417696997368326,-1.9540559850069747,-0.6603940382787459,-0.6105564705008881,0.511963247821452,0.38456369138401386,-0.2176843096328005,0.12456679455730613,-0.882476971529439,-1.400008395203584,0.6403655085445731,1.0047651153893606,1.5643996912960814,-0.9793648397995875,0.8537035889043745,-0.23933707397669568,1.0540986009221411,0.9206059722755576,0.32861265563655695,-0.16335167565274725,0.8853289821486495,0.8199197779315567,-0.6722190020943127,-1.2701927820088186,-0.43448791480612603,1.651764321861209,1.469503391973816,-1.0835387403806875,-1.2360057341604056,1.085387171257922,-0.8137395280347449,0.43266816524262797,-0.6271397127391964,1.8425130123918896,-0.7726212070221073,1.1559569784022408,0.1934833771785661,0.052816640188618126,-1.668055791918876,-1.9406215866036893,-0.22717766976105747,0.2473010786645332,-1.2464753979383663,-1.3078743838276699,0.5642273314955291,0.5363329549865072,0.07157340788478606,0.9346163541256586,-1.1271648942241081,-0.33153037273703123,1.6020647172687577,0.03921542081634827,0.21998623584009902,1.7656886560649603,-1.6716323160610438,0.9015476789604022,1.475350764249864,-0.2784041979818809,1.28765192333821,-1.231831943901831,-0.7118866844510306,0.6519623567829652,0.7758922676299925,0.867299690878386,1.5090554951928916,0.04985042908654523,1.427141382160697,-0.23694575439859508,0.6709375661819453,0.10425592038373833,0.21742383005963628,0.5437820092489101,-1.6719470754692682
sample_46,-0.812526673669048,0.03664370638001071,-1.530509551295466,0.909840271526087,0.757025643573633,0.35686234070914047,-1.0373876321830366,1.196099669759637,1.7028395902185323,0.46202192793467767,0.4298301590525757,0.045643126301394624,0.7316774021588196,-0.17754102541684516,0.10003385806472784,1.0099659541434827,1.856191475241697,-1.227239105604616,0.17626504142124536,-1.224333212813683,1.335091527798541,-0.4138006045999982,-1.5186818253220238,0.4910821462875083,1.6702615100776215,0.7933501618603139,0.44968607940015587,0.40601088642988586,1.6639315102029686,-0.8836812636443024,-0.03927494066012501,-0.5892290835225276,-1.1848082495470544,-0.12399760709360513,1.084305068426643,0.5819566108517313,0.46287856512426306,0.342550428996409,0.44483005795185665,-0.8177757348612439,-0.3440442757023151,0.2424916456598868,0.21170531270066073,0.33520844286658497,-0.3082015703901705,-0.3161157603932242,2.4174448100564323,1.1118050334507208,0.42919027325295744,-0.2690531508119365,-0.649751497575028,-0.0763508017743131,0.25952970573228745,-1.8836926200385475,-1.8425937033128754,-0.666714019915536,0.21601964174589883,-0.15541196721411318,1.344782671203043,-1.60577297072485,-0.5213239643752519,1.552298361654985,0.23246285037483908,0.8302040613134668,1.735816995291176,-0.459661769455115,-0.29332570969131766,-0.3019918866680111,-1.74322172985192,-0.4450310403843182,0.6541337264008409,0.5705719837071215,0.7905239217296497,-0.40454264964087394,-0.5343212455970362,1.021740847499943,-0.49617655487181317,0.07699535908465617,0.28925563145161876,1.3545766448713545
sample_47,1.1958246763603377,-1.4687393411496086,-1.066140641258755,0.6327209932008944,-0.15205725224598138,-0.4157624048791621,1.0605935166508331,0.08829290453525546,0.10632233031747329,1.2374938742683166,-0.520503872069905,1.7229663259629424,-0.7367621835349548,0.4820743011873338,1.6963585597077548,-1.2835939531291782,-0.4222669888590772,1.0054372651896357,1.4863107863240916,-0.2066914372588597,-0.9255891676525416,1.1141429712375719,1.3795811267993976,-1.3467894640033062,-1.38941607805191,0.34304339293691655,0.9278407631112002,-0.20918166839671215,0.8555177202968222,-0.70085417276788,-2.0667730304016163,-0.5620913521531541,0.11662075227725519,-0.06723634499771777,-1.1287263525115876,-1.9151281514160141,-0.6810681719420202,1.0200126183668268,1.0801907007005864,1.2364411873965713,-0.9187862128056907,-1.1768837418286668,0.4506662006330681,0.6650038292780005,0.1896091047024815,-1.7051920033763612,-0.8544726195811755,-0.00046859644590297134,0.5102330360481379,0.8272900772749672,-0.03499133100559082,0.35076505856587975,0.04634646349086338,0.9953662479969689,0.3822264879335213,-0.06461085608431962,-0.24637851166867664,0.14312526444393106,0.42470829011000877,0.3801950548883998,0.3255991784523439,1.3564288148451733,0.3672677780945025,-0.4398473225417705,0.7460098614291891,-1.2159746812279983,-1.3375091095311704,0.2998065913968118,0.7865174549373434,-1.474047225149318,-0.46902161113838675,-0.475194024574534,-0.4024422555927769,1.1352921939969562,0.7569931925466938,-0.2092260622243992,-0.5376176158593008,-1.4456499029236312,1.5188271315612398,0.4962882437937026
sample_48,-0.41244167527743497,0.7011942138701129,-0.02786527838019442,-0.3184856154463616,0.33318124558043977,-0.6985323669557147,-0.2741190018127388,0.026991121809404245,-0.3376278545439569,1.1017717447105824,1.8875917611429809,-1.1276124783117771,-1.7136426077806708,-1.7764272787772388,-0.025967660142543134,-0.5661639891200607,0.044782266152877614,0.11877923200138149,-1.381387193608473,-1.8642124674769733,0.07577385112237753,0.30199704543987527,-0.3961376241527104,-1.8488363736860498,0.34922100104864673,1.4182569035194705,0.5321086212671129,-0.685558095528968,0.1578953846881606,-1.4318581132578192,1.1449311990234396,-0.08535556152316873,-1.819394001620046,-0.09406843563630689,0.45503910062222735,-0.361059726753772,-0.4458468635779227,-0.8937946422321278,0.4822969671320385,-0.660611705722928,-2.4402370425797932,-0.35160316641043277,0.9790561966130129,-0.4053283028567036,1.4263272724256262,0.3682981322362049,0.12567665226019845,-0.11770805517660998,-0.09755925108736822,-0.30216223187500485,-0.49597747346656856,0.5359073087965767,-0.9999695939691048,-0.9810139814215939,-1.3151930580076585,1.6320589498581746,0.5303121693093439,0.35098897659780853,-1.0033839535687017,0.7840761599761985,-0.04648008149281435,0.11016789679623805,-0.8815601264812623,0.23024239601182725,-0.3623057030273026,-0.540430441447124,0.5927804714573129,-1.5538026120220632,0.8360473103040261,0.6502942721664549,-0.9105296171776085,-0.6705851058081859,-0.11799857658740082,0.36303055186015426,-0.05740748634684614,0.2232866604048264,1.429396878386124,-0.6657384759467352,-1.5484876183767218,0.7270557457430921
sample_49,1.87810882607328,0.3492082157999504,-0.9733975961116715,-0.1392133756137444,-1.176043631984601,0.6686261118988533,-1.2633668431155902,-0.3645977894481572,-0.7437540182781245,0.4372018201372543,-0.5110961676652724,0.014991712599425838,0.16585127982616432,-0.9141303338391423,0.8191003195268935,0.05107328307588099,-0.9689644888544982,1.9703528679697482,0.7790485767738754,-0.1882995726123351,1.163288076643086,1.9909955400364159,-0.08667851488165534,0.19464390324755634,-1.1653430905833213,-0.0395729474516366,-0.005153055385708082,0.2111587479512525,0.47465505392610535,0.7143612829989344,0.3145164374313986,-1.3037995820221737,-0.942304724304888,-0.3595685859782389,-0.2729714732779157,1.0894677065472673,-1.3218230879977477,-0.1118903134338864,0.81734364181519,-0.3004640019348453,0.5297882684834232,-0.10720363301067327,0.18909528622244529,-0.2393824847056562,0.43633594998730874,-1.3071286864449472,-0.4450841043415855,0.3870394674830497,0.5610848284890259,1.6224361595340768,-0.5876076013481962,1.4136846788493447,-0.7162143569024267,1.7168288640193397,0.9786639543418392,-0.9037231967772982,0.3131651373992738,0.019704509554016463,0.5552773366625903,-0.1767643728187273,-0.18911475532317243,1.3855522094233919,0.0013189283311568147,0.7818309083619319,-0.1940527092093766,2.1954071262509154,-0.9089493384301405,-0.6400706012781043,1.818606740529689,-0.5931646177733787,1.2939774350582245,0.8909128968261616,-0.04423007110726989,-2.0829137487681932,0.06914286666651377,-0.09385462567517412,0.9218602908093646,1.276010340078864,-0.5406541967322184,0.7026358512927675
sample_5,-0.8735222275747385,-0.5016935388550661,0.5339469159815098,0.09692001024901613,-0.9167084534974499,0.0399508586023661,-1.4403404353851816,0.9825861161924294,-0.10100248615501839,1.6526153531248655,-0.6829868525523374,-0.8444685110937925,-0.7101862200922606,0.6683196860948707,-0.6336278649620473,0.7476374820479077,-0.45541251244118647,-1.7329982277348002,-0.3083588881307828,-1.2229693126928067,-0.17882207916383067,-1.0103290958095053,1.09538308111826,-0.25234700595913406,-0.32430016031918046,0.7854340845376243,1.3046163475366406,0.03314824818485027,-0.7386695973654358,-1.8863615301271395,-0.6205450404366111,-0.7443141746927345,0.16294976115432727,-0.1421183454349338,0.6743883217598785,-0.6544893486964733,-0.22972280976956277,1.2782447861244837,0.28748090743718163,-0.05267326350572874,-0.675944985851733,-0.6279177734411179,-1.0185806704200069,-0.5666876563128082,0.518240885424038,-0.18410739535373577,-1.2470456247889548,2.1348877836516245,0.32723703263148146,-1.5552059866829564,-0.6400780994572555,0.14728834388390485,1.7067280504031868,-1.0171625963310862,1.1660974766181325,1.0783316965516656,-0.5967307034167073,-0.19102477521398606,-0.9837463287681721,-0.15428106486163856,0.01335012252164452,0.6021125996647045,1.196967013815235,-0.5219020887191609,-1.6707215826889659,0.29683754393252454,0.12436067525896906,0.21429714375521375,-0.07659703889263597,0.034050056265862515,1.2178821944070743,0.42569589874577624,-0.28019823170009217,-0.550095853717984,-0.07351558884595144,1.372849802170814,-0.22866225822520148,-0.21375913892044227,-0.3423794294165757,0.9965626424796503
sample_6,2.1431270209252533,0.4115049724879742,0.11430631494183312,0.03726687675868915,-2.405565807580307,0.7696508561174614,0.19512996355433,0.3120340161794369,-0.5081675537331903,-0.18940169376340582,-0.559043202922388,1.0518114005072197,-0.28090150104641715,1.6932126604828588,0.6060087630929143,-1.181511703869559,-0.24026812383885016,-0.5699837214505374,-1.9955180294702064,1.5795050516344034,0.47142941197760907,0.6957221195246032,0.2561954480495008,-1.5683658978046735,-0.6418899349366699,0.9763970012534174,-0.9648771068249932,-2.1486354232946026,-0.1406746052660318,-0.06746759517491546,0.21118077771529667,0.5242254327696814,0.7238078958615861,0.5103776645388938,1.170050489059723,-1.6041478816485004,0.32489318013284463,0.7755016437786564,-1.0834939792872624,-1.5433369195303623,-0.8393761973038426,-0.6577775244188864,0.730704005261206,-0.6436948050239713,-0.9719553493349865,-0.5148986559704137,0.7596895914067333,0.05028535420995539,-0.21896883845598628,-0.1340500194488065,1.1499938456852805,-0.6485454389333103,1.3078782894215952,0.46228829491164103,-0.1771950360196794,2.0221773749823218,-1.0119436188596063,-0.26196280763723634,-1.1653682706884225,1.1576012379500478,1.3043220254123267,1.7177567700579293,1.3314910412491923,-0.06609718687206273,-0.31263686093822823,-1.5590084700523468,1.9768401646260771,0.4315200940062881,-0.24581043113069231,1.3588392802364204,-0.9932820915289541,0.44839362950083794,-0.06362746205842504,0.7793487360462057,0.027202964575455738,-1.5772295941969012,-0.008121826455318998,0.7761760020111874,0.10088368595718973,0.6769083712328882
sample_7,-0.7372040673635798,-0.1020719108638923,-0.5429347726049131,0.8173245726466473,-0.05897327973833162,0.7152577901630579,1.131367810618108,0.5565754047396679,0.2838200471074701,-0.941592471773443,-0.12098560252170552,-0.856144671717257,-0.24225757370015777,-0.3941389847100999,-0.9276879162650702,-1.8663166735090782,-0.6974891671414412,0.17215892150379233,-1.1164397742518835,-0.01790390945895691,1.6345892664145227,1.180579736069354,1.8871204825533003,0.23922377828864747,1.0716551870741111,-0.6320893126425152,-0.506637514551782,-2.3287698835590347,1.4125806328299773,1.8069995596031947,-0.48603709671719814,-0.40189030190744196,-0.747153406435565,0.6442266737495633,1.101111788075907,-1.8387381985037028,0.2309369349275687,-0.03907087576120973,0.08944410728998316,0.48356441756808155,-0.2063655129508063,-0.06928023956010099,-0.3241832533460095,1.0160628488537857,0.2067946072969906,0.19143464551433734,-1.1829663713677339,-0.4148542085209758,0.9604125889268893,0.027798655382594798,0.496976873946087,1.6792809203011252,1.0240258538185762,0.33063760598603037,-0.591567499357202,-2.309182650125722,-0.1491512578612777,-0.23619109027507423,0.3374495343719016,-0.09803897915413726,-0.19894328269813455,-2.09132897711071,-0.8446997390188407,0.49221322791541944,1.451550270350944,0.21103664005460604,0.1608008546314425,0.9098728303209943,-0.5723304140720409,0.3005503289220979,-0.7868698432942833,0.8662741787037065,0.28595980034520463,0.38219300262145783,-0.6542043446771847,0.4845705660016681,1.703485234877411,-1.1290862536906414,-0.2029188794423758,0.14047249478490825
sample_8,1.0185155494075333,-0.6764022188061296,-2.5951956664147118,1.4897540464383532,0.6491570624147034,-1.6875424961488428,-0.5331432641292536,1.3707617153393568,1.2287202123400611,1.4321259066862178,-0.3069721095925416,-0.10008929216637423,-0.004866411743514602,0.882446030507171,-0.8145369607133645,-0.7094579839579409,0.7246985221437476,-0.03662956481932099,1.7161275119342452,-0.711008083936058,-0.26498701663990937,-0.7450652427179474,0.08181862038610055,-1.6667703970074275,-0.6460580452982049,-1.3638221009362108,1.0005530041685624,0.6730785287724299,-1.7927415468171746,1.5769502534694768,2.6021028190563515,-0.11913784040089609,-0.6279643642187932,3.2823132871198024,-1.2853205759206405,0.00911774215560915,0.003987939481997602,1.4235893150899084,0.3030111406613601,-0.5058092912818445,-1.0723173634816154,-0.3205563001580255,-1.1890496832402035,0.04997363812716845,-0.701880636418701,-1.2638273188173488,0.8706706951090722,-0.5563033754008709,-1.41034801667776,-0.19788306958588878,-0.11333116351684908,-1.571368028379124,0.2993228772710279,-0.9487725107906952,2.034851247029027,0.3280585949863754,-0.37428329906881214,-0.6265444422617964,-0.12126243541551743,0.7721009658649709,0.021650389169754976,-0.3661473081944973,0.15930116842794415,-0.40247083181289767,-0.29395777544315876,-2.02537865410891,0.8475481738334559,0.26315153585926915,-0.5340022050062555,1.9871324556927352,-0.051500438286690216,-0.8674084664128646,1.0469209833088347,0.4984550186483377,0.46138694313896284,-0.5977396412441508,0.31127637932932695,-0.4378986706197306,0.6733412400751635,-1.9682799976734109
sample_9,-0.1509954580070875,1.7809124420969376,-0.675405467336711,-0.6663699093897232,-0.5246912043221112,-1.1659612248494398,-2.1048034351524985,-0.3000041374518912,0.17341016186453956,0.21742340118726172,-0.2734568382394059,-0.14911199913648124,1.2801881522091807,-0.23775888518051147,-0.48648763624984886,-0.18235998085092772,0.3595568328509586,1.2423977554922232,-0.3684350884877563,0.06606358732849936,0.11699435172643972,-0.81451527485385,0.09622247839123269,-1.6536472513882137,-1.9759168015123159,0.48839542295558974,-0.21329381152712676,0.22631976745077484,0.08926191600740993,-0.9975711072200354,0.02813750429297075,-1.324875763976604,1.520213630143105,-1.23425289269821,-0.18854916145571782,-1.1044710082791114,0.3899111057084047,-0.08845657600219928,-0.45851767364154383,0.8908401248455582,0.04063866584564781,0.5849028118412644,-1.1611299413499365,-1.4713227187211173,-0.08121375469930982,-0.26639927491981447,0.3595485207185788,-0.06011561611643809,0.20153295979184827,-1.792375214214894,1.7656875578809874,-0.10729497711913526,0.6744472148460662,-0.7119610760850344,0.3764870065080034,-1.2374037594258052,0.4541952021449502,-0.26409389202959643,0.0029769457707214913,0.868777334402653,-0.8812825995547834,-0.8822230258776103,0.5605181111129687,1.8349062676323,-0.1200747571179917,0.9856474303098168,-0.30146689489212214,1.8891032026496322,-1.5309199933417867,0.0008770004300785803,-1.5733790872180842,-2.2084386615366647,0.4435378761154242,0.19664097363337582,-0.18248443827643132,-0.2924179923400346,2.566971509063977,-0.434579473408456,0.6285185667253985,-0.7290371556934065
