,gene_0,gene_1,gene_2,gene_3,gene_4,gene_5,gene_6,gene_7,gene_8,gene_9,gene_10,gene_11,gene_12,gene_13,gene_14,gene_15,gene_16,gene_17,gene_18,gene_19,gene_20,gene_21,gene_22,gene_23,gene_24,gene_25,gene_26,gene_27,gene_28,gene_29,gene_30,gene_31,gene_32,gene_33,gene_34,gene_35,gene_36,gene_37,gene_38,gene_39,gene_40,gene_41,gene_42,gene_43,gene_44,gene_45,gene_46,gene_47,gene_48,gene_49,gene_50,gene_51,gene_52,gene_53,gene_54,gene_55,gene_56,gene_57,gene_58,gene_59,gene_60,gene_61,gene_62,gene_63,gene_64,gene_65,gene_66,gene_67,gene_68,gene_69,gene_70,gene_71,gene_72,gene_73,gene_74,gene_75,gene_76,gene_77,gene_78,gene_79,gene_80,gene_81,gene_82,gene_83,gene_84,gene_85,gene_86,gene_87,gene_88,gene_89,gene_90,gene_91,gene_92,gene_93,gene_94,gene_95,gene_96,gene_97,gene_98,gene_99
sample_0,0.5646165854169762,-0.06165032820135808,0.5995310079678164,1.6421359936621176,-0.07540674096049321,-0.1591680778258655,1.5573022054506738,0.7195106469435678,-0.654991119821,0.24660385566568863,-0.36027880515973104,-0.4461227691053718,-0.09396278087905645,-1.5125843453096244,-2.119070765707388,-0.7882880192409516,-1.0770868482973153,0.560819344009557,-1.20928156136602,-1.2989845310880945,1.0670626263106155,-0.38972810976469063,0.02709096987059241,-1.4873199803037809,-0.5044569988057128,0.06411969079440104,-1.0016174857666102,0.009296310293077018,-0.7602545065388556,-0.357707173706846,-0.5336840567401567,1.818048165949568,-0.024480808536185852,-1.043579819831438,0.6043374538036161,-1.2422640276989627,0.12837862103797854,-2.130767257193692,-1.21626938186548,0.3557649391618748,0.8201436462900581,-0.07896172046928243,-0.06365698759433774,-0.343185652597441,-1.2181207011581336,-0.6602152535234702,-0.1436351760159354,1.196368593662273,0.3002125422673007,-1.6633825843934296,0.532278180408798,-0.6184612130697436,-0.6945615214686089,0.5667820721328766,0.9823861206089346,0.7792611261037826,-0.7802883487708243,-0.48088195001433687,0.2810850894252527,1.1040198381658082,-0.500896137188757,-0.2402282913918195,-0.8632670161562775,-1.0563418621232734,0.8264306884779858,1.3721840444633693,0.005159995923343894,0.8908343944047499,0.5528043562184433,-1.2472756296095915,0.2851988104512027,1.4554897165148442,0.22467851783972823,1.768091716169586,-2.124786423199586,0.9015821744457542,0.21082874816715724,-0.38846167759117767,0.0687141839935323,-1.950233761303411,-0.4055608365425492,0.4480544992602834,1.262805684393955,-0.5149686656913071,-0.687272494326963,-0.5075452588826369,0.9620578605176703,0.4623973359334326,-0.581566059241886,0.393423973146613,0.20264559777579172,0.8905725332745731,-0.9126615286038805,-0.19759014822930818,-0.3870496928693201,-1.2615635017884428,0.2968807871670075,0.2368449582204018,-0.10048243846287563,-0.3953449768666461
sample_1,-1.4974947127831442,-0.3409596338757519,-0.41869034191272325,-1.0373722880299834,0.005581866803929615,0.46350653499182864,1.8568693257653155,0.1613281645185124,0.18255520694434602,-0.3194989816957952,-2.036236805261425,0.004589174561956626,-0.2734759462049572,2.400834128292872,-0.354842802853381,0.16054355673820705,-0.15049030595332022,-0.9127268602351671,1.260496217433085,0.712770625784033,0.45713232518646363,-1.053571910858344,1.454101662694092,-1.4656819439949673,0.5472651549610502,1.9290313870758125,-0.8501153936098221,-1.1997537800645528,-0.04200389825866531,-0.5870165659286111,-1.5218076344756142,0.2852080802281788,-1.178731945451103,0.4354696616238718,-1.065329396150059,1.4353319596166074,-0.9325567723030782,-0.20258254306989276,0.8063191466549672,-1.0568947921103133,0.19049773801697703,1.0477454159927826,-1.6865190824302272,0.22350138577597076,0.31196026706997826,0.9230000287752526,-0.9631405832689801,-0.9671010991119715,0.5288667004574618,0.4144502292006261,0.4590132675449536,0.0800858945766025,-0.6976885801070535,0.17279973958395917,0.27538709696013064,-0.6864669171031151,2.100852462455183,0.3242789011169553,-1.3466688884341833,0.66452619875069,-1.0546958462339444,0.6871933337882127,1.220669678459501,-0.6647244843380861,1.0194437810237007,0.4602990314368858,0.9425862899546923,1.7919272488512135,-0.12253181905583303,-1.3896967014974975,-1.059543789101645,-0.6188922951665375,0.17696856460916358,0.4623847875287152,0.3767636474768649,0.9067998639764834,0.1371473807874252,1.2777480709255562,-0.2665706468257224,2.5451477771641624,0.4589161048839397,-0.8132217461213446,-0.7597339036785588,0.5006249986415837,-0.09359069109810413,0.7301589140711057,0.5113996099547781,-0.027328084714364532,-0.9314964308430781,-1.6067901345424178,-0.38080582995867046,0.7869336787536727,0.06325952836378411,-1.2054586825220592,0.159413644760334,0.331537401464495,-0.9260291132201685,0.14363832405027285,-0.04627290094758577,-1.6510148233996678
sample_10,1.5380810973163705,0.9896855450849882,-0.00504445150335028,-0.8583696397726457,0.9608813288380905,0.4531978912558376,0.8897851168196927,0.5949833838618431,1.0949569008797002,-0.7422730632442331,1.690470835480646,0.2345686158080231,1.7169517705816946,-0.41801986588672085,1.8649798665068174,0.04670971798224991,-0.7347113047656594,-0.23226581173767652,-0.5015588015090885,0.4080964116738723,0.21465223619697774,-0.7275912243944074,-0.07110498756371575,1.8835522191167142,1.6077695657006958,0.3559372620823435,0.12102134119550326,-0.3188514942875389,0.48504200347258786,-1.1493131683293856,-0.1751422783520184,-1.2076135409197146,0.42973351522187037,0.6031491605663695,-0.6471981404798962,1.458575430121202,-1.4057641554463978,-1.5475871778101031,0.2500156955905788,1.1970300298407968,1.9851103363177913,-0.7041827093079178,1.2355694771021664,-0.03682821801068914,-0.06871946272709939,1.030367367957418,1.0312509011228566,-1.1999887675997858,1.7528963741300503,1.5069198785885523,-0.41315900677401896,0.12721587652667093,0.48557547075612606,0.20231038335832496,-0.5326428561453351,-0.6484099767537953,0.08636077590010303,1.0429139273716235,0.5080911666792569,-0.7506643326357109,0.8971314798706379,-2.779043171795421,1.211625319565376,-1.6231409839988096,-0.6769402588829146,-1.0208663258768447,-1.276802171873378,1.0495075538599257,-0.3698631170931654,0.052970820427923074,-0.15374575935080342,0.5204626672327091,0.3548866390001439,-1.2708973971317268,0.9982362103103024,-0.39836718648550656,-1.424724514029748,-0.5112095276985359,1.3941705674951408,0.7595498987517786,-0.5374610777280845,-0.28566037097909597,-0.16517534710627949,2.118559632538537,0.5207597098588242,0.4410740934018629,1.0791460095148606,0.35268905447565363,-0.2827570490176124,-0.3064311822089936,0.02159841345186308,-0.038162076282532424,0.6103010935951142,0.21914520679740723,0.7002412080167838,-0.0700345048546226,0.07148274550806613,-1.7251164440766162,0.8298548394879364,0.40788338498598925
sample_11,1.1052453300030465,-2.7896402208309614,2.0806829556896975,-0.2737411088016798,1.4165299389997814,-0.9453502497575142,0.6141793883514834,-0.9948435392270503,-0.8327413952997331,1.5049284931214977,-0.046201924486222797,0.25492100158113934,0.5264736909101457,0.6414722646510392,0.039753863904958484,0.23019677989711818,2.1592077645651266,0.19130518314358683,0.12640451766779962,0.9904455370733084,0.741470641857401,0.9822256707693929,0.6375396157952833,-1.22106945314147,1.5202732693383154,-1.0633900556955018,0.3708841496398087,-1.441023407841439,-0.20999437478138172,0.3140991613381737,0.42747783575049064,0.5888669636442575,1.7663235711871903,0.41609599193924485,-0.4180895026226431,0.869186934964877,1.1770056265737399,-1.2688083331325624,0.6022217489086382,0.8547547877488788,-0.4564192100169346,1.115762101032954,-0.10108626917226939,0.15460190356808604,-0.06911071696387669,0.11514524627918307,-0.8146378634282936,-1.0759254935914533,1.904156057436611,-0.7393846894688664,-0.777367047448262,-2.307039255042877,-0.6563035132766726,-1.4422275934378486,1.5677928484363677,0.8492122889802991,-0.6193836930927018,2.1531148805605436,0.9765272986938165,-0.6875864339228742,-2.758790834759319,2.1209837278884938,-1.1238705934549966,-1.52478408703085,1.0951829404353746,2.4194352681827556,1.5320622403261457,0.447355667868275,0.8121568624606031,0.7176485110503253,0.7125513167641231,0.34786584817413413,0.3865338771170128,0.031509133685626314,-0.5133772515992849,-0.1878299959945365,-1.5604293735073107,-0.19767901640927707,-0.9475812756424201,-1.1061286955725331,0.0030510115028482493,1.5230062615470765,0.8187639792781646,-1.5828141606155162,-0.8710855061399544,0.9610232315362739,-0.972289153295204,-0.21245281666360802,0.6102925403388966,-1.0678055431703795,0.2115520023498466,-1.235522956019306,-0.8054068324823711,0.5131767898088938,-1.5479423525270568,0.3790653659508214,-0.03036579801486227,0.48992987148199674,0.12291006640841644,1.8145968986214416
sample_12,0.1639790367615188,-0.34962455935071707,0.05938286682166981,0.5131670431331462,0.23914794532198483,0.10888240970972421,-0.6688664579723964,-0.6271689312125681,-1.729975592069952,1.3540414225641981,-1.2590253505996876,-0.6792443184866414,-1.0426064816777063,0.9984687116677833,-0.47293948223925697,1.1998387585345105,-0.7556212417202196,0.5257891419293603,-1.1217586480355886,2.0078275018952434,-1.3317744673117622,0.13038153620254067,0.6322459363723817,0.250127652206288,-0.17060361976816085,-0.15177732478080283,0.12650518939195166,-0.66158835957518,0.8443889669815143,2.3515979687770607,-0.4876443293301333,-0.9508552671184045,-0.10678433028778588,2.4697178722741486,-0.954384043839591,1.5215151301131802,1.699102204774536,-0.475191206051195,0.5753852210672212,1.7721943027817693,-0.5569200331407542,-0.45091699852775974,-0.5706210398940722,-1.1757709066249824,-0.48824975568385515,-1.1916863058572722,0.3786130714746114,-0.4661906377211875,0.159380507104569,-1.4544474044325224,0.539044317542157,0.5452050594911616,-2.021704088776149,0.3200440728637487,1.1708127725479898,-1.1276105393648377,1.8950690375561923,0.267916879843794,-0.8267816250970844,-0.3168832484960332,0.6586582865364405,0.009244641024356338,0.6503623648460963,-0.7690008792687137,0.0035005404233451917,-1.3050703422617864,-0.03595763637203151,-1.0333320041800844,-0.6678322183715858,1.219426800755772,1.0698652651917413,0.6368764643509719,-0.9964992823966055,-0.23936187378469187,1.1855054344900449,0.22951839107871577,2.432143261561126,0.269758985445187,0.163056209114487,-0.34749290601595906,-0.04435162989897807,-0.08125456579563645,0.651957598428297,0.9818924767346013,-0.6644355779967401,-1.3519947180243452,-1.8424066256925373,0.6809801486062328,-1.214692503269011,-2.2360560104220357,0.5155209711296206,2.2980354352414984,-0.1712698227779715,1.082617618950909,0.07110434563816614,-0.08569386925799423,0.9425025672790162,-0.24193559625241298,0.16730069468933745,0.37361492026956655
sample_13,-0.6915811628006311,1.0563609461612546,-0.24622371107360055,-0.9837521997377349,0.7811452395216586,-0.8073504071571151,0.043690397167727636,-0.011624766119763019,1.1368245537135484,0.18434065867890492,0.1445637960216267,0.8709675945406692,1.0402627513835012,0.6970265336299839,-0.12148573664924378,-1.6115882825746928,-1.126615388242418,-0.05473467308242198,-0.8497920279840536,-0.15998308429088798,-0.20683251141570394,0.3438957432330011,-0.12041968688650094,0.31883236717254265,0.06160205564472846,-1.8069405292610066,-0.8017719993203802,-0.6578476727464744,-1.3849312063731105,0.6077077402134425,1.6867873468830048,1.2736343354173918,-0.244528540755378,1.4178949082774186,-0.041569995100083384,-0.38822737528804335,-0.7509244001809521,-0.17951435302370994,-0.328540481242974,0.329598981989541,0.10808302314739077,-0.24594019835225897,0.5374628654985582,1.3971685068303386,0.9189840182872765,-1.4668153453099493,-2.353386344262286,1.0846250492341791,-1.8930639471575947,-0.11181013987007456,-0.9552955117455092,-1.9714740036008112,0.5333800677316326,0.7199202116488773,-0.5577497877583022,-2.3579944617212085,-0.4682369001297572,0.2399332423130214,-1.6541464605324532,0.01257903273071328,0.017537990525965635,0.4890817016728915,0.26468366787810943,-0.823641626622218,1.317817453162702,-0.09189181795859427,0.05203347889937319,-1.0629497749195718,-0.3426961573904221,-1.5615550655800983,-0.28922459334319545,1.6085421096412162,-1.3196714647558982,-1.6236799024675055,1.4083937086051883,-0.1173305730516081,-0.5415759865327181,0.8844944161871926,-0.5873131665275403,1.6913220484741223,0.5123577135545029,-0.4296815561744593,1.8019414768429134,-0.6037110507247521,0.886245397456482,0.30796476810140716,1.3558184133130133,1.9657439135699284,0.03848954961788588,-0.8558356800188924,0.5921494415496827,-0.6295404650333289,1.9799483655468932,0.3120078690678329,-0.3611551614188515,0.1586525493435571,-1.4061534926108337,-0.8336179090726858,1.1199030056593302,-0.979105629254465
sample_14,-1.1001247870606086,0.6059250371404624,1.1526583279950566,0.7155789209703828,1.2918975883163943,-0.6691213278313094,-1.3713192419794649,1.4104860092975524,-0.485881018412923,-0.48133410931561366,1.7029080020206782,0.602585836532716,0.11735075069094887,2.134152749612833,-0.8741998853690154,0.848460183491319,-0.06359705501138477,0.5154530481172306,1.724918484830643,0.48587125435630385,0.2286303681186658,0.8710142575604801,-0.43510522810206514,-0.9339795672501126,-0.9697072452823238,-1.7987707611813688,2.0265885329248934,-1.888877753848212,-0.3711392353479589,-0.34159518843377285,0.41295153157180864,0.9272941130128827,0.9373569564041823,-0.5851426241959352,-0.3442519980980218,0.21059900208348792,-0.36091453009464997,2.069177171136463,0.5017156579708834,0.8881041649831327,0.7270098633296052,0.9151436508428387,0.2590692222238653,-1.5048547258869378,0.4350117063264618,-0.5880087274867813,-0.21539533144006576,0.7680037808381488,1.4473921314545277,0.1363537174076982,0.5170948262870312,1.3747235679649226,0.23031179011982458,2.6331522567977155,0.5364058725349015,-1.6184826282788667,0.915978067808568,0.2289869574506375,1.3057919699004892,0.6874352314454664,-0.12009525000970449,-1.2304753920053284,-0.03766076942452487,-0.6958413317545655,-0.9559770089939952,0.6302132171900644,1.8315450195145082,0.2766340764069522,-1.179991610292679,0.18160087139885794,1.1830869386890108,-0.43732589798733446,0.11118080673861494,0.11398354685743693,-0.5400936239196134,0.7300332513478911,0.0038554821290209505,0.2946822362762592,-0.8524767227437259,-0.47004550150042684,0.557819631528552,-0.3101484577456586,1.4604501459303387,-0.39457410278617744,0.3611836806101569,0.9526952051114588,-1.4165404962739916,-2.0858136176171844,-1.6808009363414194,1.1324323765051685,-0.49387331466376727,2.3582355090359326,-0.7658648809796813,0.3647200128526448,1.4827534238749518,1.7281264201333186,2.1264956101873262,1.059499660472328,0.9398506518168472,0.7479855622418059
sample_15,0.8683621480967845,-0.4700800205177151,-0.907530043734503,-0.11677703550645259,-0.004308808577227835,-0.3729334587625257,0.6957756887468322,0.8963931420090563,-0.012301317043183428,1.1044386675289417,-1.1413635362847976,-0.16693128887378184,-1.0410408884343327,-1.4707869178579525,-0.22858255166729394,-0.30440123019483256,1.3161212113061245,0.8753814983825365,-1.3491731237854543,1.7372773678862852,0.8459027907752353,0.3947853467675696,-0.28712257828043497,-1.0475978475851997,-0.3443837266298248,0.9410277122628494,1.8645459108358433,1.507839172453172,-0.6455981448479153,-1.2541514533792484,0.23955820066234365,-1.2934244332829998,0.3460316669213513,-0.1645278254344623,-0.630760007537019,-1.6035504446203757,0.45425327843752816,-0.45059755824409287,-1.0668025999568502,-2.6809721283541177,-0.12367403636039666,1.509141110617396,1.869315435800763,-0.5251747980723562,-0.44682441962653296,0.5929512722788756,-0.7113017024279207,0.509058359324298,0.8419123840416195,1.3524377654062665,0.10992064778478725,-0.4452320642531392,-0.8971992025510565,-0.9269769029365225,-0.2223888123679391,0.27699470584698666,1.0866560793975435,-0.9887996266340167,1.5227476739221237,-0.6135900189311377,0.010767937936462182,-0.7756171959831447,-2.0758565953050407,1.1130592364189817,0.7295956023762342,-0.21058020744860398,0.15090138099532713,0.3989651296903237,-1.5879171485781338,-1.095085020549814,0.750538017620469,-1.005312183204035,0.6054087094684336,-1.3494319932731667,0.5406347230778372,0.05427775645025715,-1.482986755740779,1.003179621530458,-0.7086419325031703,-0.8260236487183684,0.024194121681756536,1.27022032303884,-0.7160336460397401,0.0735878673144767,0.5683339988311847,0.7088868365226432,0.20890223750261563,-0.38610263770931064,-0.9103002901040734,-0.02782368525612805,-1.052303781152476,-2.701127574473702,0.300240439539121,1.1544624009765976,-2.292239896055438,-0.870546924901652,0.6316680061808148,1.796892335154922,-0.08447311620423587,-1.0774000566703086
sample_16,-0.16831775663171555,1.4350305804308328,-0.7304576364080543,-1.0338170644984124,-0.3517017269928198,-0.8608774702065252,0.1358999310609302,1.5266167457347704,0.2580457218588829,-0.48272915459777016,-0.16266004480005725,-1.5723088427311147,0.5393564977255257,0.12864038605174694,-0.3411657359988275,3.336617753429862,0.16540899354997565,-0.4984765881688548,-0.6292240382101991,1.081346950727786,-0.15564115546872578,-1.5671689949389545,0.9373110697799005,-0.7723206897531375,1.7432787175033078,0.9332251120552347,-0.3372178998574919,1.171271008439305,-0.0746152308278093,0.8814786314449485,0.5975965187131876,-0.5010303709198867,-0.717877489668925,0.9728526491661468,-0.5049469733061265,-0.4525513515429976,-1.116347827517559,0.6753875219457185,1.985861004591669,-0.8952869156250435,-0.05992862429963496,1.1519843394983793,-0.024487628609302533,0.5358585788690021,-0.8518594908713767,0.5502865397319655,0.14507637788327102,1.1314054788677033,1.3821296739089035,2.7268475085794264,0.7866946153289156,0.060365158035912324,0.18357920040545153,-0.435084815072229,0.31889518411146583,-0.313317301650027,0.29301006120437884,1.191873966347077,-1.1491436852787462,1.3304318109085247,1.5067114778783601,-0.17578700805180536,-1.7976352832144689,-0.44274203609243895,1.4463088222761316,0.0392296034821231,-0.9670991482912874,-0.6306993909957482,1.0856912740297906,0.31551794968718466,-0.3601603404856558,-0.2232131038051294,-0.18673828515989896,-0.8860852444385584,1.5329388204154148,-0.22897811838953844,1.335387581182708,1.3421910480485286,0.9215129678336523,-0.4644708537077208,0.23195439127847198,0.051985341420566204,-0.6270630514599329,0.34016546461730607,-1.06329803456166,1.2123885742068008,-0.44447103307704056,0.30680000811723146,0.31584762823824997,-0.36812574286422967,0.728162967132418,-0.44228090219740007,0.7633424842802242,-1.3155035817951883,0.11417091699834987,1.6702526742126598,-1.0467407755380724,-0.5784189498736436,0.4189896914204012,0.17716609410169307
sample_17,0.4070704542397736,0.5589757416268687,0.5861997212878869,1.1658457072787107,0.640334591949811,-0.16611568410827468,0.672536467715877,1.7857243911283944,-0.26694431671293123,-1.1453253008707176,1.4482778468419322,-0.09173500258205027,-2.4791126371814864,0.9559925336090789,-0.7496551420723874,-0.27011569218496,0.19688614866893253,0.437854366975613,0.738599597799869,-0.3909889908601826,0.20585549043947646,-0.42252198001594266,0.7444962732458694,0.44061201947376005,-0.8680246776104554,0.9385467298981749,-0.420912341851864,0.5642294213357384,0.2324961910967243,1.9484431074481254,-0.13983211637694407,-0.0738979364724412,-0.030998612580279354,-0.3147961379938414,0.5826726058041104,-1.624431317928805,-1.2217443022040375,-1.08064777293743,0.9355016748060173,1.8535434745476884,-0.21847001627508533,-0.41643585355519463,0.13835343826371677,1.363606273860466,-0.7330018240246826,0.35003381428099917,1.372090183641472,0.6904127749923461,0.1026997634041688,1.124597941776887,-2.481618945250656,0.39656955766661534,-0.6715360005743396,-1.9692468594246637,0.48437494533639625,1.1732779215599152,-0.032820221313152244,0.8168501037617496,1.650599256910549,1.571589198941361,1.8675414603449134,0.6443308576576391,0.2240647670221429,-1.4794898360912594,-0.5280339315377428,-0.753693892588075,2.3568800015593374,-0.29892633755160913,0.28754105593328405,0.32174866167068,-0.056432471522521184,1.593862355400885,-0.45362211472934943,0.3059928826706515,-0.5034502843203305,-1.214767023886588,-0.484553890969535,-0.13939601611892863,-0.42145385306050664,-0.7135073302773269,-1.6190709810508275,-0.009205113094467208,-1.1039895087766987,0.7823278897580754,0.21683529856489173,-1.4805935434854764,-0.28607749911243796,-0.8557655660299238,0.35545803000928433,1.2092275203968854,-1.914219676185401,0.10241142705486615,-0.3353835111740369,0.8991188530445173,0.19809670993302964,-0.6484392356775543,-0.34067586051728616,-0.6811353033787603,0.9928853923935245,-0.04161276676599863
sample_18,2.0792914482872096,0.015108995244338487,-0.794654102410814,-1.8571786882334667,-1.8192531994726555,-1.4763510102127844,0.2768711441985056,0.47593210057920954,-1.9357093935954097,0.57000259437846,-0.3828997312371518,0.18243220797144616,1.2595651146616993,1.0001810203773196,-0.4425267822995839,-1.1495551681917406,-2.1560746997033218,-0.4660452835467718,-0.3700317273536466,-0.9038125352147617,-0.37672170406178623,-0.09585074636838777,-0.2853825952037445,-0.7551767660160534,0.1584592230302562,0.36097453310560684,-0.9444047802704567,1.3380180172844975,-0.24532770466516615,-0.021462619250033503,0.8303019902983084,0.4267031782604532,1.039336246414511,0.25536440059268944,-0.7710843551788987,0.286868354148159,-1.318034006616451,0.30444780222286244,0.006665330713263391,-0.044939694376252226,-0.2481508339307418,-2.115787401528741,-0.5347705235928414,0.11641554903546712,0.22392064835802192,-0.9847629799688771,1.6787641849059658,-0.5537289685946105,1.102691458754583,0.5457855218365615,-0.433732015427001,1.4445237522937389,-1.215329400815097,0.8860589336191912,0.9532437631445061,-0.6475164850809824,1.5967214088153445,-0.4200450668854605,0.23557433817901,0.11861405847203395,-0.11546011933946737,0.7098116727723311,0.8847390342380447,-1.6323370816643208,1.4557076467973364,-1.5455221703775284,1.1632794016305779,1.0150866992646344,-1.0632680863594297,-0.9400473223432572,-1.2919507693302226,-0.08934473341417169,-0.08996307479440516,0.9303599038511717,1.269463204470729,1.468512201877668,-0.4351965334379587,-0.3030991097052877,-1.6012293586062127,-0.8218389580702379,0.8057792116876075,1.7552419181927608,-0.8894415043032075,-0.5902637468885759,0.1063802650068371,0.2884879895507458,-0.7960842674542818,0.5786274652231013,-0.5198425969541423,-0.12703594896398676,0.6847903826951277,0.0021356513373572486,-0.6296608052049946,0.041788665390821496,-0.0934200816963262,-0.3193135997163594,-0.2782255712966224,1.3984236933530885,0.4669878915266393,-0.4795184169096994
sample_19,0.7805681292202894,-0.2550782846422506,1.1397254792942315,0.3130591744375716,0.06558178725759499,0.5061111601802052,-1.5167884060767853,-1.0639053106380778,-1.489571969846485,-0.1200446104586239,2.1685163682994895,2.321499370265552,0.29728991809576993,0.6460885699223358,-2.2067204617088945,-0.7667444042616363,-0.8638939354762151,-0.3683613239006476,-0.31826437893683196,-0.425014243871519,-2.0475625300517786,0.5558032507701615,-1.19152697521559,0.08517385022302564,1.929949940747858,-0.8598530856927533,-2.3039326845586627,-0.8399974949891682,0.9849852311712681,2.0785518759786568,-1.1874403094332993,0.65312802629061,-0.5217183277862231,-0.12429499381030573,2.3505201921543026,-1.5149027042985006,0.1763675302688025,0.7273056549509578,1.0634455106635998,0.25793025021618127,0.2897988822940065,-0.6374837829981645,0.3549128579217603,-0.3922884087979748,0.6303059173479489,-0.2909618907732107,0.7407152251182967,0.20781626064931416,1.303482140014685,0.06306025835413803,-1.5555424024537854,0.9542821564206263,-0.9251665820182102,-0.7472199114545344,-0.5760980281320484,1.173972247932713,-2.1611701533258767,3.063431503104241,1.0559510617843721,0.06752270159734629,-0.02670290298941899,0.20903005669778488,0.6341379242480158,0.8639943885164526,0.4976996001992773,0.14791510325953056,-0.12624582869030623,-0.27409798779010813,-0.06637118749103887,1.0852577324744854,0.5347746671595921,-2.491226133854013,1.0242355881261866,0.30613027308828733,0.12163741500730987,-0.294385660245752,1.242798945814498,0.7966668207450343,-0.7446579575261612,0.336370921499438,-1.1745699312336335,-1.3559075450485438,-0.407267324170297,0.8861840881166251,1.1003956152862746,0.525616957483364,0.768095840802054,0.6909641176937036,-0.7048801767228768,0.3131981373837235,0.9575493987481047,0.6926560905840389,1.1016814948029272,0.9396978419275539,0.3317441166631413,0.9216438319678205,-0.037499705445929024,-0.7556872905467814,-0.2721923521052733,-1.1007607364227794
sample_2,0.41478928982310714,0.6297943076677627,1.0471221166356217,1.1014333166006811,-1.3463651381783779,-0.8457507657984535,0.5187987714537329,0.4806970296865492,0.47919697348667845,3.2836854590690336,0.8308112505913487,1.197085036565293,0.6093829132706162,0.7807051644867844,-0.49633068415780174,0.6629732870296616,-0.8497233447428166,0.013238771510189862,-0.7002832620092948,0.08992081789815026,1.8346640035758017,-1.9837515816181805,0.6883353131779744,-1.6649515332977711,-0.43709889139343316,0.9412088441583032,0.1458313816783651,-1.8561952781701074,-0.877860374709427,0.6939703242150909,-0.6676543241371304,0.41230254328920707,0.040526927147271574,-0.6513272717016186,1.8708905419586255,0.5501224392727926,-2.2605901157210506,0.3961639752259412,-0.5869328274039267,1.0044192296212704,-1.0662895524956666,-0.36278235601789754,0.6114886951002325,1.018133444158913,-0.9732366133630153,-0.2539461868781226,-0.15873772236499034,-0.36005083222051704,2.1233548128612916,0.5233808525828025,-1.0456640811685085,0.6257356236640419,2.1264723026440526,1.0037181540126687,-1.461092188309648,-0.4815064272141301,1.4629911857623272,-0.890592666447708,0.4014170551257838,0.8272126697666881,-1.0013271211849957,-0.11997147370127498,-2.827593865932002,-0.8771595869673702,-0.5363579330708728,-1.1446921350627963,1.7922336671016172,-1.564180149993574,-0.3390940280148286,-0.22994445142777134,1.446079675261761,-1.1653273518065324,1.6105735606978981,0.10922904051872821,-0.7098990749061692,0.546079351800802,0.3222910196013598,-0.6748333671908463,0.04805747125557526,-0.4202529401413017,-0.0648285044729141,0.764880285293125,1.3486043897244968,-1.2451920054948595,2.297751521227386,-1.9840571234260074,-0.12562948161281165,0.7789372753960437,0.3133133804992063,-0.7269156074531485,-0.12493298069759495,-0.45899043204311524,-0.7926208142497345,1.0948156773703552,0.3371259888094624,-0.5975486718814841,0.9223173248489228,0.2770039454089237,0.724217919325881,0.7992719904406199
sample_20,-0.6992251102449698,-0.06783666326380908,-0.8810270056092074,-0.46776016953461586,-1.9198114337658636,0.27738634966542586,0.01736552455284775,-0.7723386649563642,0.6453157828237159,0.6090255335010343,-1.6778516120730722,-0.7508913615982087,-1.092722105083005,-0.6422055869035043,0.8214602379050936,-0.3835720100711374,-0.3681884134824184,-1.7426288359520756,0.6494427705750098,-1.1381311539067756,-0.2038645725659498,0.09887591057161262,1.4090708514479569,-1.377766932079917,-2.8056034172434363,0.12952010957807145,1.7851630405284795,1.1172742170031065,0.07082556204516843,-0.5741972396929288,0.9332924490929182,-0.610331021360673,0.5146231060497235,0.46625960116073656,0.8321379088466991,2.604374170426053,0.32466316236157305,-0.42264842993083157,0.013895224629884656,-1.5894269980991917,-0.9457741730630778,-0.654976875528458,-0.50797020104002,0.18584301840172834,-0.6406434179485561,1.2806285423627033,0.3428518081360876,0.22598106212817806,-0.5608317617728323,0.2714304947768691,1.031071637569095,-1.0787744817440774,-0.6756085021094635,-0.3837473592298685,-1.2948648440601551,-0.7799047918855794,-0.39365339811740246,0.7361480744591764,0.20763667913175857,0.026673502250374428,0.9856478563805068,-0.19419089416031124,0.5139213808311479,0.08348281145422483,0.1263345716324076,-0.5019235232572419,-2.476420249859221,-0.2569548492093919,1.7333297194686266,0.8131058343283313,0.9345077409096465,1.1894282040579827,0.3685673541666177,0.30888312187345707,-0.39564876070220373,-0.22280510530187705,0.7369550295659311,1.0403963842229633,-0.1487840968459044,-0.48220219796889086,-0.18037586705863867,0.701597908203259,-1.0556908386721515,-2.319263613865438,-0.42550127490415107,-1.2394790937963656,-0.48882998644276227,-0.11873106013730238,-0.4971150483585373,1.3197036020885757,0.4491531641882867,0.27363903216890184,0.4980003843952823,-1.0880971812907105,0.9965065346859704,-0.06576721503843738,0.6848618152554845,-0.9206701432055843,-1.6920696981403103,1.0595073617158586
sample_21,0.43487259181855087,-0.8171291708164179,-0.9604397604028221,1.1839774663762135,-1.13712677140421,1.672019950158126,-0.8627034239615813,0.5980151723380838,-0.49272244072343957,0.30222947088592417,-0.453207171404272,-0.1352568324539819,-0.2925511985624561,-0.6978992916995894,0.7194087655194991,-0.7343854425260914,-0.3341653198778551,-0.7395007864012993,-3.20152050805433,-0.16375374552229435,1.9232281367143724,0.5914362350787082,-0.06566075759866213,-0.3893518550461764,0.022546417294079534,0.45529789671662246,-1.0297725043887767,0.9573186602280643,0.5895178664959916,0.7357519180166618,0.5494302492047725,0.2431459413230236,0.7308825896860478,0.5496571918613009,-0.5234127219443131,-0.6167890822207263,0.013948725638023561,2.000502524773165,-1.132144698369661,-1.2910584186753589,0.11324193724139127,-0.19848045570819087,0.2507148064839059,0.29270645436522996,-0.1132337072408513,1.6694908193678109,-1.347343962667888,-0.5194441626642216,-0.27278826427504316,-1.5424951794005242,0.034555875474562237,1.3358158971982512,0.008720491511499496,0.17118736222999434,-1.212750805409378,-0.5991893568776354,-0.28605020126742814,-0.4896248133315906,1.2971228006514324,0.5283173704153036,-1.2075627112575127,0.1718001405280069,0.6130672706355212,1.3801381851153387,1.8091063432422443,-0.9197903852841174,-0.7695162063720865,-1.3901034654947415,-0.10988422464827154,0.21012760145260495,0.9580903012911477,0.03312580105362521,-0.10361782780835355,0.2602640546110934,-0.5834881122576487,2.154082085865328,-1.4755526734639497,0.07145641793721699,1.8860162887754663,-0.045826942952732846,-0.3752571230669017,-0.29416504765713536,-0.05309444057366831,1.404214247813889,-2.1113927336865106,1.5643843813890086,-1.4222393241466609,-0.26369505752160816,-0.4706202952320948,0.4676741108358889,-1.6168570020524868,0.42293787548444817,1.9915833743187439,-1.3343795861183914,0.17538854875656526,-0.5708991504755838,0.4313691428282636,0.026769970371600244,-0.760652585298102,0.6033200604575155
sample_22,1.9748503899625485,-0.11371721100841901,0.6736246868306339,-1.6031586306213206,-0.8781866339499859,0.5302003583902182,1.464499702720012,0.3317754715903738,-0.4747965128043925,-0.25184500508160834,-1.266561873224402,0.6521349765782667,0.5385892663667874,-0.20601096860940285,-0.6745000489129335,0.12136479524906243,-0.5313223499788948,0.18284521351284563,2.412862996070645,-0.21580634174161653,-0.5820307193013583,-0.7992978108199433,0.7502475198410893,-0.3121759567890047,-0.6020672819319614,1.149581893131498,1.4255134459446996,-1.2435542381383164,-2.058622724897849,1.0490252348247675,-0.6200298006188166,0.9057143858281317,-2.1778002322309606,0.8401765327518433,-1.3449677904319848,0.6437106073969543,-0.07970974044034995,-0.9465804119232384,-0.34635107041221036,0.8400572496100878,0.04070867226398625,0.3307854796877258,2.212179033126896,-1.81682893726927,1.5066328102361244,0.208743175358525,-0.6061585580464031,-0.9760704538972852,-0.38288905382859867,1.044515618711254,0.08264703746336634,1.192278102905292,-1.474888362393862,-0.08091916733415429,-1.2053051965305903,0.2736692483819731,1.0582203222489242,-0.5955818589140601,-2.8571906360839616,0.03405586276162111,0.5227660790187972,0.32223838491011675,1.2916881980179697,-0.9258254956120143,0.6571402960723961,1.213931050442167,-1.784174264535144,0.2009565438676981,-0.4104469037863295,-0.5082703481459154,0.27045059737155513,-0.32932204946938337,-0.5149519225379184,0.13475571140218728,-0.8012206606847739,-0.9833660930657614,0.8002446639718821,-1.1963871484972377,0.6091994810752133,0.389404675016525,-1.9457931904270536,-0.6266765462138801,1.0376139460217608,-0.9847333496880825,-0.33809502528516017,0.47367134510391984,0.8275103755231604,-0.24526426686393615,-0.6563461011957076,1.2900199796877765,1.964854337351785,0.9000024284611753,-0.07391806804036422,-0.725198850826523,-0.8107880967337248,0.4497570063916172,0.42360767905688484,1.2273046563983159,0.5583974575043672,-2.14879955902919
sample_23,1.1634148938382407,-0.9120938655209146,-0.4611059110134556,0.1754232522845067,2.402922874721475,3.1035994443079478,0.6082745238077943,-0.1755211069571077,0.501612914825726,0.5632287960125228,-0.19589048745204382,1.8739963630436534,-0.10570910130152046,0.6433153587512935,0.6331862951379325,0.2923940432723843,0.6771419990759922,-0.36478964603364944,-0.7881207117810195,-1.0088275936220492,0.1393085935974327,0.5859323407861566,0.44414888972679883,1.4414968768299155,-0.003542952680247164,0.5643681996251294,-0.9456339252499774,-0.9697533884881315,0.5691653748211443,0.8775032011599082,-0.21324290249032768,0.16475932340534777,-1.6801039659366328,-0.3668080095996866,0.6693600058891644,0.49338300207826935,0.4404216954731745,0.2352308343045307,0.04471750291674748,-0.49237217097765107,0.7713027841405097,0.16865025002629172,0.5973812530881589,-0.6056021869875807,-1.8120736575312728,1.2554538916902176,-0.16284642349952577,-0.5506359836359603,0.7488196330464917,-0.28050315479416343,1.264868793744606,0.3384446771427581,0.6766013294657114,-1.486738422917396,1.155746832534818,0.18248041634491932,-0.27974549987686276,-0.015498297708605365,-1.9720108301683617,0.32297848591183426,-1.1158194830711774,-1.3528663460278625,-1.2460461351555088,1.3515006964619487,-1.0183398075641494,1.543731869202754,-0.4811219076358287,-1.8438275710549825,-1.091702290823107,1.219057617186095,-0.2708979251609508,-0.38313147042724816,0.45105208495552473,0.6338094905375311,1.1028536658307992,1.5206969744837524,-0.23379160922248315,-1.3649091340398376,-0.40655580376350153,0.19621971910967137,-1.1664933237580462,-0.9170859892122899,0.36285797452811414,-0.03838166509034597,0.1664584621342775,-0.7689181432144702,-0.2057552672711711,-1.0656125418494018,0.9857340000669205,0.9082250271917656,-1.8831097721114958,-0.8620275967493534,-1.7589734764490161,-0.5514803260491891,-0.08865910849950102,-1.249612241221192,-0.9654141646972891,-0.8617051967919447,0.1059139060848268,0.024783442220474225
sample_24,-0.7494375324005388,0.25000737630313785,-0.6283848648338268,-0.425923394445651,2.0447972602901205,1.377154277897464,-1.252038692600735,0.7781647295481104,0.8205964882747772,-1.30472619456418,1.1162734543500574,1.609982876470197,-1.441809619004851,-0.6221756035554228,1.0380943562825606,0.12753456699332466,0.40482006108912366,0.5869946213859357,0.3547307516428772,-1.2192002325686806,0.688843787818265,0.9652896630854203,-0.29022893572274605,-0.18200329856318184,-1.4218224344226111,0.4258253532564227,0.6252696169592523,-0.5527335915440628,1.008978942061607,-0.4035983953493579,0.6807662691877867,-0.6499627583860638,-0.03554663435465629,-0.19036662854710754,0.03188942510578947,-0.4195773342090842,-0.2355650986291839,1.1492457334181316,-0.3744256219320425,-1.4286429337999205,2.0660098042250015,1.1214634837202049,-1.3436128753789056,0.8127472791471263,-0.35947934912211565,0.3765160953643669,0.6532277813255765,0.0211452851742955,-1.1453700812428786,-0.5816122105969889,-0.702499953242995,-1.045058448246757,-0.08003505617670496,-0.811592470041721,0.6480637624314983,1.2744479233699566,-0.5042473180502965,0.08322951705205976,0.4611422367568155,0.4102588142903878,0.11953968008072746,0.6448599298381219,0.5983708839085429,-1.0995742461678193,0.8988891300106335,0.9189288491079854,-0.7196379264262561,-0.08322772468048519,0.9106993455116517,-0.6758339059972122,1.0501580771623293,2.1832767400927944,-0.6424206217451498,-1.3755386240178986,0.4001929733627032,0.8024402925286707,-0.10552267771233818,1.2774881256870512,-1.2768428322135417,0.6093424052020877,-0.8004927330925559,1.8630550555946392,1.6711733337358163,-0.7670410914399769,-0.42450707407038335,0.8783744242549325,-0.3654959060575491,0.0061076972868382194,0.03118734263925684,-2.006046920274106,0.08359743703971442,-0.6406317257173162,-0.690099551730846,1.7469443017084458,-1.222661486360269,0.700239550156249,-0.29912618818938713,-0.232804802896631,0.7012557088668052,0.39898518562706087
sample_25,0.64431369612552,1.0327627790004845,-0.40696383477442455,-0.8183839311757801,-1.0212456995166401,-0.7360688509452348,2.8941343517614584,1.1688428696908844,-1.670611011826057,-1.464549765646806,0.728292353870756,0.5933859684554874,0.20921135869277382,-0.029736318362978804,-0.27782205278695926,0.18946668360289287,-0.03623843233629648,-1.9567042478486416,-0.39251475575800243,-0.7776053530272229,-0.09963944210749641,2.7284566471916096,0.3476538852989448,-0.4372061381135992,0.8586654863969465,0.3975163906988563,0.4817877567269862,0.30598028380530884,1.9650773143832043,-1.2663552657638606,0.5860376119390724,-0.5697996018134948,0.6017360365214139,-0.9092994427393035,-0.584110406847218,-0.3476436579517283,0.9485316947615337,1.25804968661864,-1.138387355213643,0.21533547514153567,-0.9640924704990143,-1.497419669364638,-0.1739289255231466,-0.3517944913560147,2.2191288522771693,0.5551919348182337,-1.1116339774792634,-0.2794703065113287,1.1692734427847864,2.2213946756620606,-1.3693223763089295,-2.0459036000108655,1.8733109693733048,0.3361986789292054,-0.8373029271440697,0.42597272022196453,-2.693808410036347,-0.15946564558611762,0.2774050212723412,1.033375229772246,-1.0985233583536602,0.01847531911926979,-0.6968134743380968,0.457456338060743,-1.3587931351618774,-0.33311085636176935,-0.9634432241125462,0.5353476620062382,1.105529002729441,-0.7090168709199076,-0.06219931816609093,-1.1765453098122074,-0.0803026034252494,0.04473011811386272,2.4012825558882267,-1.0091958406624497,1.5811926126501272,0.8435689805347539,0.24639096322141937,1.6269726109533664,0.19961382117668622,0.4813416936523878,0.047898988938146446,1.2527193448951026,1.2458594673038694,-0.6337024886342508,-1.3155179406906192,-0.1860476539251397,-0.8798897471322611,-0.17543317042000253,1.4266231359398585,-0.4260286697116314,-0.21042021620590337,0.22581639815727056,0.8121758483875094,-1.9365811455629354,-0.6387879150056303,0.19362279987846961,1.1195610247322112,-0.7510352776652347
sample_26,-1.9948620320528514,0.6880802254164232,-0.7195580645833664,-1.483770558156074,-0.5090848188475863,-0.11076244751610405,-0.5739655950742703,-2.0796081849991097,0.9192895405714891,0.9185027113453654,0.9236649613642393,-1.1356665047278303,-0.5320021427381406,0.1924099424386071,0.5559086534102387,0.5634271755807236,-0.8131079069886996,0.33003650753270475,0.43491659048933456,1.3670673049216122,0.3789035203775223,0.5957598886272213,0.04450923888293488,1.1919824827941847,0.3826192564276891,-0.807573001109386,1.410186381341642,0.42284625735451614,-0.5986179590666479,-0.5610490247805976,0.4016733394420998,0.624327319562676,0.20750098358928254,0.27872364169220903,1.4453319716504336,0.9730291430804809,0.10888622597426353,1.2849614001034726,-0.9370510265669312,0.554709041846612,2.1395978755303715,-0.4652670497308155,-0.8599325792753703,-0.752663482443058,-0.8758347209056937,-0.7286583163474775,-0.04848969445327437,-1.044547020601933,-0.12036381433837945,1.0249752102658327,-0.6941016108587634,1.2000405747394083,0.5024688513106624,1.0017611576709808,-0.6356654799954704,0.7108972213102849,-1.0494615879843205,0.7524542812407755,0.11064713073242052,0.5222003370388626,-1.2792444965572805,-0.9165863688537148,0.7041619909816429,-0.7978612756770131,0.3794760601665114,-1.2600524014741536,0.9699666873609232,-1.3648292244460238,0.7649248120817228,0.41897052542020013,-0.8523432768789642,0.6129837801163022,0.5671307844927165,-0.4767421882865384,-0.7332577847445167,-1.849697152575879,0.4721414700263436,-1.5919029410513106,0.07208513792448602,-0.30388466019740185,0.5136021672473443,-0.23662051479489624,-0.17137498988750097,0.7537243608218167,0.4731890994410427,0.3251325595065816,0.5073533128194785,-1.8111382701765886,0.8384810609095477,0.4912606318441742,-0.9927815944646661,-0.22915786475387842,-0.20667471415091146,0.014467629588552074,0.3147416143638711,1.232896720113197,1.1111121170061398,-1.1294029729086839,0.5294217605349757,1.7659296525836963
sample_27,0.4460875144889935,1.1542227821245854,2.002441091380014,1.066756985907848,0.46193602871371864,1.0889616777048665,0.15758143321468093,0.019465913123346293,-0.5189835883999622,1.1832365567461347,-0.7691028271910002,1.6042730451596394,0.16079016372110008,-1.0529966965355482,0.2898221861264804,-2.477332240933942,0.47495215257496726,1.1281921494088505,-0.8291312382405507,0.12865825868523373,1.5087299956641853,-0.6616028676072089,-1.1767409195758542,1.2592712978813019,1.8262917564795282,-0.03204071147172488,1.0401518725090544,1.2488707525347063,-0.9057380051834402,-0.5673429771615257,1.3745340857089394,1.6743095139996713,0.6098450340171732,-0.8717537502093162,1.7205191604592605,-0.5755918957995105,-0.4533575850238107,0.5797073557991522,1.505770125885496,1.0059455929233518,0.4214128322358319,0.21062801370529274,0.10948516848354595,0.6592527749995326,-2.143206382314436,-0.21399458423579212,0.5973821451984688,-0.8129174518216584,0.35497085817419594,-0.09134052492790443,1.957325001937511,1.2513535265350162,-0.48178911883360753,-0.22499219505481138,-0.07625038461628975,-0.45249294587798317,0.3213039141586162,-0.942634721861801,-1.2817880640316317,0.6178995269710944,0.7382373529516285,-0.8300606898491114,0.9784654291090832,-0.4675158290939001,0.11072835754379452,0.8542224872040046,0.04541955961145448,0.3372301918063403,-0.4240752609119962,-0.6589882272675276,-0.3246068436869728,-0.5578800472304692,0.06175860994479946,-1.554372807318683,-0.2863967481072449,-0.19198025710724603,-0.1307116831771,-0.33378475973790844,-0.07570796105720444,0.4054948206705722,0.7133995610690513,-0.5978009655699517,-0.864724606522799,-1.046515674003608,-0.3612308131991171,-0.3550047256813799,-0.7557159744728617,-1.5191231826536538,-0.5002855221749372,0.06614825768552142,0.737109844176281,-0.5184724883388867,-0.604746776721809,-0.8552146620397056,-0.038392017664348604,-0.7315562385272467,0.58396693690005,-1.5407232198261618,-0.4728801942791496,0.3451524502954611
sample_28,0.22718772153184308,2.7388490266750987,0.2932754457034699,-1.2698852384515922,0.07873899238523806,-1.6637915416968656,-0.06246608518470238,-0.787372203740539,0.9403992266189299,-0.7553979555568338,0.03891892237854719,-0.6203959485825945,1.3846497134788045,-0.08900910205356953,1.97617475863291,0.723585493898718,0.3390666874826587,0.6149605483356498,0.35846565391522794,-1.7780430285852034,-0.5101927771057666,0.6502389433576226,-0.09733387177401623,-1.4688371320216367,-0.04706110316912321,1.4928757732670184,1.2624412180104496,-0.5524935675350305,0.8316403353424198,-0.4387121380378202,-1.681339225379802,-0.5681538199170378,1.710391490620251,-0.2866053979184578,-0.41734891661888884,-0.3522322538899538,1.9412447704421718,2.0910932481709836,2.1334258941863258,0.0036141326335326104,0.2744879032965566,-1.7534964932890793,1.66880149031013,-1.3542953963611084,0.2740188431029982,-1.0581714898552608,-0.2789977534399287,-0.5274202139712627,-0.9198354603018025,-0.42888491813301427,-0.33620771966216384,0.5450188041053555,-1.1258590294268829,0.16063802962467089,1.1615098915574618,-0.5073025073843409,-0.6510907629999428,-0.3999718205930301,1.188163134111245,0.02738679540012247,-0.5590582683905383,0.39811241072719544,-0.859547259881318,0.9016872587696714,0.3096166144123899,-0.23617490316446751,-0.7985891171711486,-1.0159542282952572,0.7454747897184362,1.210100452414157,-0.7884187197888779,0.5040232890443649,-2.1462751717533264,-0.5255940745569206,0.11097100092496817,-0.8093276145638283,-0.8076956308090057,-0.7390678515391323,0.25726208736365225,-0.23119904556597862,-2.4698185162787825,-2.1256778668676835,-0.3915141217160881,0.4754713474957665,-2.654956340677532,-0.5054818028052632,-0.5072854843287524,1.7545595405532575,-0.42180894514595746,0.2649377510485307,0.2500646575062693,-1.9709830254084517,0.653526266542778,0.3985820105373076,0.48334198037218556,3.3826758339857994,-2.1699545886550835,1.5078863739077046,-0.399183201348007,0.3261063409292616
sample_29,-0.02015409345314986,-0.34451158181057434,-0.6521880221506873,0.2668124106382621,-1.5014169250157883,0.8016113640819686,-0.3899642576624369,-1.0670140642266397,-0.6325710706534865,0.9022392711881744,-0.44309753634768656,0.3996328329515068,-1.055002272012783,0.8759631749832874,0.6557301469432553,1.8598275760684664,-0.28392303989153533,0.9129852694502741,0.002326543745998712,1.2183861005035004,-0.9079566830099911,0.5529823070941879,-0.25315174117266975,-0.20157563871954176,0.08696268182301341,0.19085258037294855,-0.024603423783078466,-0.19732747748793816,1.4743814817708525,1.0251351701177154,0.997884721856165,-0.1651807026497231,-0.9882697062859882,0.9007400810224478,0.6556186813421933,1.3606666319204037,-0.7408487999520237,-0.09365426600423857,-1.5102540824954387,-0.22734857760462263,1.1381709855959883,-0.7117330631163372,0.7588814535201149,-0.214153173996336,0.368444104966578,-1.111296724948216,0.432583667614192,-2.487330038413403,-0.38003704231623225,-1.52966969161925,1.4102794966796883,0.4916138721445189,0.45800166418936517,1.511006106260951,-0.9145476088933601,1.5061284880770596,1.1064746991349839,-0.4061728066662925,1.1410110599219268,-1.7642534146752817,-0.886862394723195,-0.643453898045725,-0.33204719981409136,-0.9107082319141353,1.3517390230877622,-0.1888591441839166,0.4502610307315592,-0.6968508592910881,-1.875015330047716,-0.04726813813191744,-2.159001577104924,0.03957405685879768,-1.315526338642602,2.219123780905166,0.9249075202875846,0.1939846890864604,1.3817070311829671,-0.9088094168119618,0.4936494030778867,0.13847732892243994,0.08908147566910149,1.3987257012338397,0.671306588127563,0.30400101277541397,-1.5461821485322091,-0.9741074652964722,-0.09599478174159826,0.1753537984286292,-1.2443143647624957,2.2657170086234,1.7260335025426596,0.5521521187970918,-0.08806588968661876,-0.07084514687937284,-0.9282167171691987,0.06628069091381183,0.2571170824718619,-1.0682159752752476,0.23548635238092688,-0.2856887352597605
sample_3,-0.8651106469537211,-0.47897749404417617,0.7019337674552769,0.590456021830493,0.16161149322362012,0.18375279479107678,1.2630293647546662,-0.5600112540187482,0.5161188296174809,-0.43670658560160763,-0.07729324235734969,1.1593333361879048,0.48236748976105237,0.9256689119105572,1.3694200060263801,-0.14760391526126954,0.5284238476246528,-0.05974483548661231,0.27461104569907197,-0.1071586772306078,-0.17035510440981272,0.4074670443678872,-0.9195166975492465,1.836412150921124,-0.9336422058870133,-1.124231413762097,1.1786152573910682,0.5431863302172013,0.49591575653896613,0.6384763481532717,0.08010484688560068,-0.5447694497205595,0.07379917500667012,-0.6760163849293147,0.7505794936366497,-0.20458950212289248,-0.9777309387369326,-0.20178697730521683,0.42801269221582,-0.39679490268110384,-1.1028845121894846,-0.00722014077816407,0.3286304941559615,-0.5833288414205468,-0.3313700286583567,0.34337161242365066,-1.186021545223071,-1.046272966474878,-1.061611975195689,-0.10039404852410878,0.5191601834479288,1.1580934886254417,0.8520571724731482,-0.23444224293987195,-0.02362131198928319,-0.9431407157321798,0.0938602157939111,-0.4597477137322654,0.2719498930632414,-1.3797722704942623,0.6150921726590798,1.3981062046063353,0.0545901701583095,0.6100551808882713,0.6698430347649765,-0.326460749546582,0.31562145725354646,-0.10879540699362203,0.2591394504391048,-1.4149688454978353,-0.07695688248109517,0.5389319174101115,1.9434453309850725,1.1220395112674038,1.997423657458623,-0.6686913324755313,0.9922440021661056,0.07012673968134339,2.042358836405511,-0.8241576448879165,-1.0396481537841888,-0.545478390154103,-1.5953239680839577,-0.522564543656782,-0.6371816413606932,0.15637808006204332,0.3773922648410677,2.34947023762834,1.052208694762306,-0.6817497519573733,-0.8658411012715455,0.45040333847839864,-1.571174950674125,2.1727022143838517,1.1321615335718433,-0.40476172113486647,-1.7854785381185867,1.1858587109543068,-0.22264682634950314,1.6399774295804845
sample_30,-2.028569208580446,-0.7759158722352164,-0.4915725352579921,2.062340097804613,0.8034223011446748,-1.2337409780907687,0.49049941664539004,-1.4598459031111715,1.133132895197405,-0.6834516382238364,0.0655546850993237,1.3922951629398872,-1.6044184335168066,-1.0510402300605592,-0.8052232566863634,0.9698753221287336,-1.556920935802676,-2.565683303183322,-0.6590915073878627,0.5266829624884783,0.8271225903153206,-0.6202489264914365,-0.48477227193960426,0.949531930849089,-1.7366531903643894,-0.3837778692105211,0.2649351309355621,0.10366001917985797,-0.667092913803494,-0.004580856419035338,-2.498172218481247,-0.33937908643747244,0.48947685641477,-0.9707364355978939,-0.1275308319000204,0.36936634639518906,-0.4612831002130424,0.37733608074073716,-0.871141261034284,-0.043450004140487206,0.662117626716933,-0.09324211715851254,-0.5758973998982845,0.2696804704212214,0.7121945100209717,-2.062543396864596,1.566197378369059,-0.07152998632944985,0.4051920613645627,1.3224948404984114,-1.1559627281294969,-0.9281951889258507,-0.30314186437231705,-0.8821951461301026,1.656819738354199,-0.8133179002919941,-0.4781449981272412,0.047225105959982534,-1.3582642188666405,-0.7851997788456859,0.38944787863283514,-0.38057132739178495,0.06873495803358122,-0.3608884824804811,-2.1509627890403564,0.37216303160263786,1.9206968640278184,-0.10293523733686193,0.4010857071558471,0.5069433202361657,-1.4678504065546205,1.6004398412246341,0.4999582645082477,1.8398215029787495,-0.4952993687972015,1.885846875932238,0.8955562646704126,0.42161317839526113,0.20254273746801413,-0.28963805507856744,1.046794816916796,0.2229109933443421,-1.4708777541602636,-1.1227728322425263,-0.05541740621809827,0.31886444090749966,-0.02860419657219891,1.548017095620829,-2.150392675087617,0.028830116682164734,-1.8528327366441566,0.6976613619559908,-0.2654245089622017,0.622768445561344,-0.8431130513841064,1.1020060108420817,1.0696131670895836,0.5168977912236036,-0.23793854894252267,0.7304721212677292
sample_31,-0.7334277767193371,0.9213589458619773,1.6294615604713227,1.1208021714685725,-0.6260725746847658,0.42190934031891403,-1.245754362057836,0.5358737956013094,0.4049559486459473,-1.9667509662244738,-1.1645042526897151,-0.25875276707308914,-0.6301570985759115,-0.8832543322541474,0.3143759164655455,0.10554283734847883,-0.30164292356879163,-0.5024517362944909,1.1471553160565566,1.5525903237753214,-0.6952450391202857,-0.7649458253614607,0.4798809552928494,-0.47925884349437725,-0.12793891616701428,0.6279611679704087,-1.7176555909333504,1.2191274846224862,-0.06966646842082293,-0.48742140255382493,-6.0072333317985704e-05,0.19400189105348606,-1.9148789959498573,1.421963266374859,-0.14445648254362906,0.3656261377147502,0.9225814613085018,-1.025731458160238,0.48518606959767663,-0.10383580906930674,0.95359258278588,-2.3592068238094157,-0.04564907719796369,-0.695184564662097,0.46368304125934995,0.5942901673358274,-0.40436449514541456,-0.41359630249035717,-0.28229048106256116,-0.7894950372447583,1.0478822205726224,-0.6033019116478392,-2.9421201069632543,-0.4575715845122296,-1.000418446227129,-1.50315143759673,-1.2044287965251605,-0.050437990493671446,1.3473666397720516,0.19144606352506183,-0.6432044898387728,0.37144324411183643,-0.26774460445783005,-0.5332393006256128,-1.6902047642142615,-1.6318692160072816,-0.32817012356597897,0.037941193307386774,0.042973974167571545,-0.9468036173864873,-1.1199934358548294,0.636090431082445,-1.2563645081923143,0.9264831835420534,-0.7277841657067554,-0.6539570686887486,-1.33536900756577,-0.5808863344513793,0.8998781559096349,0.4400490880324877,0.8196569138283778,0.6194730178643929,-0.7857437116213265,-0.32470545189640937,-0.6585596236401968,1.357863613797846,-1.1907070254237782,1.1513476970732488,0.9887753781632446,1.691667821604296,-0.34127703064851533,0.6539052297524751,2.2657159416542094,-0.5159309424411488,-1.4919188831838792,-1.620448776213118,0.7286297701896806,-1.6252054120900312,-0.48583587853620513,0.533431562850062
sample_32,0.22863396146950987,0.495926858426913,0.1621837900801729,1.360779794150907,-0.8736074731473713,-0.5912611713592663,-0.7378293006076526,0.7785972549467791,0.9231285187692377,0.1628042654449929,1.5362736311415537,-1.1770779612829252,1.313897021217284,1.5602975730441646,0.7134199971318534,1.786443914370613,-1.6869669429269192,-0.2725715666023698,-1.0012789364294585,0.6844625368298232,-1.2074970981653699,0.5651109864735798,1.4196270744917958,0.5160573756391003,0.26546516547870225,-0.9212733504554156,-0.7144491511015466,1.13097242150133,0.6551261538351373,-0.08412112587158434,-0.3423010440612125,-1.5145946980352833,-1.188140117998573,1.824232219614703,-1.4113757403489042,0.1206298571006735,0.9823527832162389,-1.3009699140601427,0.21248463921075175,1.0889993965310298,-0.07436979637844517,2.5965415591699257,-1.7530028976180982,1.243266311018313,-0.06887299626163067,0.9125595436612709,0.8084944031667686,-0.43268910422458284,0.1532391691080586,-1.7590639135243396,0.8102042678327563,0.03397344797247955,0.631339912996524,1.0303556142602919,0.346810031895258,0.08169028763871375,-0.8248644824707189,-0.8952725068234221,1.1956567935048614,1.7388780861261006,-0.23147320944646468,-0.019360123444142292,-0.6776662003686884,1.4141433975035915,0.6382046028057298,1.937584420900029,-0.840253369640755,-0.5028207811244336,0.4079631877211594,0.44632094841704906,-0.33515077807096194,-0.669257765114533,1.2848955975362037,0.867902005039877,-0.6535582823542988,1.4287516930056534,1.288658498981909,0.02349725459193292,0.057272435593901654,0.4767452854490116,-1.062127016724872,0.10831163430525,-1.6179299193340073,0.9004549440283148,-1.4514068929611785,1.533828703514796,-0.3073902061424454,-0.19664062044526168,-0.6897059640549338,-0.3968588512237351,1.6209950081108877,-2.3008309065210972,1.195478484111615,0.5332024396880696,-1.1748242400227868,-0.9270573208719941,1.7273732383453473,-0.8109461806739027,-1.2832583351990476,1.5010525281083815
sample_33,0.39404562566755585,-0.8526129585368738,0.1563597953569984,-1.2948884746400535,1.4083481064079066,1.1048483703503578,0.5353602660903163,0.3374694713763943,1.9147743849593695,-0.2514826642622673,-1.1876398465492968,0.49303549880699415,1.7276062513700454,-0.7091410127315452,-0.5495071143612396,0.28674766607756563,-0.16867238251211006,-0.727531179081193,1.2352487021962375,2.170397086397134,-0.08072534753810498,-1.0484065551894317,-1.7004648269668923,0.10287307420869377,1.0279427633278604,0.39077237743652965,0.08286916488246328,-1.2292407737755036,-1.2643857399136067,0.8619647175327165,1.0443432511994297,-1.1020384047778267,1.740051213821023,0.5325197344907201,1.157436119220199,-1.359469306888263,-1.5555378500937034,0.0012230213515560216,0.5128683276981698,1.9383860901094105,0.7802366085384997,-0.489705757161367,-1.054366091476219,1.4430813055290892,-0.7658779590547113,1.815622902186311,0.042425604544579984,1.6817885473216616,0.7301660152879483,-0.02328149613539839,-0.30746327889470493,-0.5762785536697569,0.4193465282452418,0.011750929261663498,-0.5743256746460788,-0.19773399906246994,0.19727288217007383,-2.351792434537609,0.41675702561937655,-1.5898672252503194,-1.2543633334975486,-1.6719473125415383,-1.4958808292944152,-1.2224069996688063,-1.1203896766759387,1.9492231307407717,-0.4707189847823148,0.057810524256609756,0.596021217065628,-0.22951881452975717,-0.18655820655139554,-0.9533208929020021,1.9431955909004346,2.02694359206139,-1.315457767828575,-0.9223074412916701,-0.15422616798292227,-1.0212075271268015,0.45835985453866046,-0.7477413766762067,2.033155175213485,1.3137540116388482,0.2587357957862969,1.0532194377379585,1.2554301190406085,-0.5708583540167659,-0.8028250383968079,0.1567817070108954,0.9542079590578618,0.024364863670296784,-1.5941799310753606,-0.7450558372953563,-0.2436020538898512,0.07905275588379992,1.8988510252910322,-1.1947600707802748,0.5139710490955315,1.3033031729939395,2.2134159753634117,-0.6300759460076015
sample_34,0.558917235871417,0.6386725001997535,0.13462268318376228,-0.22679030899096503,0.6694064362460692,-2.401414295627269,0.6818031632548697,0.11575902176947961,-0.3704430253156926,1.6268007624605585,-0.6038570651480127,-0.3818291008094287,1.6342662455644483,-0.5457751237944405,-0.7666775511819259,-0.33216635610174483,0.6788414820706359,0.4550477580975407,-1.6724461588730866,-0.48085942711947316,-0.8071679388093338,-0.24546848979644784,0.4100258633621298,0.25429199344230446,-1.649511756062469,0.9187803891677065,0.3236117611742686,1.304133231664389,0.31137976528792116,1.1505983426661792,0.5786583510449985,1.3831707576251895,0.5651299384125683,-0.11653600605506306,1.9940480317249716,0.7966608437182993,0.5185695225274967,-1.3261456248467351,-1.1786088622099495,0.4506077004772427,0.08953546904633097,-0.858181682710141,0.21551376949388082,1.8614737181745966,0.6952889256286041,-1.1042509303209629,0.2249201199672337,-0.4980326250947841,-0.637516690070237,-0.3022929289129612,-0.26589755773313206,-1.449285189631537,-0.140985817058375,-0.6504863920547308,-2.8120716411627984,1.7783275905302116,1.2732491366879501,-0.5498650758495054,-0.05294461761514024,-1.854304934991957,1.9298593089272786,1.7456709255448684,0.2988312457419237,1.2585221163426412,0.011082804622887436,-1.230657823412689,-0.35113176292609455,0.011586582115092869,-0.35522939495826117,-0.6880800813374729,-0.2015611702663165,0.02878335036067907,0.32649415782666236,-1.0335664391206194,-0.48146618050301054,-1.179751931410417,1.0972205829643764,-2.1061046683688223,1.0675855553701539,1.2714939197774393,-0.4899374570447363,-2.626790619506151,-0.19665907076108508,-0.05414396702222761,-0.8923656789587922,-0.5212496109669458,1.5886608074299509,0.8723628462746554,-1.0173366415860792,-1.688403670054476,-0.252546030102201,-0.20088247807626078,0.36377100852687966,-0.42555423719790003,0.48646531667033005,1.6669998694564259,0.8351586278877707,-0.03161871954847206,-0.29269733871069076,-0.5641060414623258
sample_35,1.302205748652864,-0.5453796393924645,-0.019856792683271937,-0.05389197096475432,-0.37286443951141557,-1.2698259426940597,0.33137162375250273,-0.06047514378534893,0.46213877891501265,-0.7407730381407255,1.579259436569445,-0.8679254904089313,1.3581660010844652,-1.3644682844238814,0.3670893626844286,0.3515360822091004,-0.8712577891345251,0.6702692970279349,1.4251152279397237,-2.0468174516961484,0.1964879769656601,-2.5916555820208322,-1.0770915324550765,1.3986632380036474,-0.5392274170969281,-1.0880828801644684,-0.1017519270684693,2.181243080154418,-2.0228710145411246,-1.1801906665795578,1.6520930001797884,1.8227094304526883,-0.12345657033830074,-1.218733524344707,1.8247864208793751,1.4783431298767502,0.631069499060337,-0.7799291043626639,-0.008255309770834263,0.002313136928359745,0.3178932497301547,1.1904556190961146,1.0188044422596843,-1.2488259372560875,1.2947631900017287,0.42885699334573535,1.0679268908201516,1.5689176715895006,-1.5657087458934869,0.07876298282309613,-0.31946800832681294,-1.747909082962844,0.3370997003923017,2.539567230141905,-1.7683584506851882,-0.07896135666963895,0.795833944038898,-0.03638218638541608,-0.19400732988710104,-2.0300547323062577,0.29482105743552367,-0.7847244343052314,-1.8602627728111656,1.4369145264730117,1.013058676010617,0.11126443119048486,0.3208452650161817,0.9622402058327416,0.4000572116555502,0.7839993554919087,-0.4231023696950544,1.2562754305115886,0.6368809243974116,0.30540004219835065,-0.9591116916881239,0.3730230952108204,-0.7036578701644925,-0.7110240604923915,-0.7846361210713124,-1.070459291022665,1.9919585025203994,1.459994677807234,1.6139218211279167,-1.2300501061600866,0.20548388553404512,-1.313588378863467,-0.6799874970170142,-1.0581661002301046,1.3713734535825006,-0.5035612864190178,1.2451680964534906,0.5540011255749129,2.289137398770454,-1.4620215395781069,1.209297313804571,0.9873819051568873,-1.0188076524744785,0.884746919436949,0.237496210751689,-0.3855155241779855
sample_36,-0.8596541415820689,-0.6361770960152558,2.0410372058082293,-0.11210173669946571,1.05413923709907,-0.7023966067418186,-0.7448492527310782,1.015663630440983,-1.6688851092574577,-0.6321534140453375,0.212569707992275,0.14608470165982007,-0.5098773699959326,0.5521771161351794,0.6641889372071479,0.6362475060634666,-1.0514832105377585,-0.033798327129102405,1.3230461695662594,0.8454298365530895,-1.4992715021397724,0.17083610595157459,-2.159223832974811,-0.09656309292615246,1.766027954166223,-0.8854189873165987,-0.7026204169104437,0.5077195297620736,-1.7265812700367322,-0.7269953576914784,0.7139154311378785,-0.31878679712811936,-0.2693204826927044,0.6968292723692259,0.21998251138925112,0.19536751351847034,-0.45761846911058474,0.6123498357993014,-0.07880388641665784,0.6139557439263049,-0.7020746728089077,-0.430073355003706,-1.014756679374983,-0.0327439307616395,-0.6305927669557501,-1.075824693007812,0.6156861001295187,0.42802568520905987,0.8634457124932263,-0.3199541980761815,0.6158748503408134,0.27522151542263,0.43593273130101406,-0.9257031601333672,0.13770124243492193,0.2741220811119162,0.1212248529837835,-2.3083425496441174,0.09851331597094111,2.8082891023358125,-0.3677459422440637,-0.75737413086621,0.4981728779852367,0.5168932868641286,1.3129088577561163,-1.1544396022083256,0.8475090557515427,0.47410109428150066,-0.007671851522143131,0.042721509124964814,1.0033729706090533,0.8688075145264713,-1.0551102507265095,0.9735788883996879,0.08192623294878354,0.16149759828869273,0.19704672104180698,-0.2470255747205001,1.1034426598155869,-0.13226167229113284,-1.3258074054610363,-0.3316463603610463,0.23185153056028338,1.2584490320145783,0.7451892751700455,-0.8626195756917653,2.5620004932614218,0.3843790751147222,1.4108956564869326,-0.2624098111993078,0.67091765338373,0.7713016493276557,1.1328733031131077,1.3229023278390732,0.8351504866307191,-0.27198645785939496,-0.6025618902761067,0.29898166702049844,0.847007816140179,-0.3789418529615098
sample_37,1.1776768533751665,1.511925254335554,-1.0084081166835845,-1.0772927651256388,0.02882296695009222,0.36941258573732727,-0.49572229273363,1.2700772623076901,0.3743853383767399,-0.21500221127964012,-1.4801822781710368,-1.318459040995138,-0.0553925545634332,-1.708692760954953,1.032310830473609,-0.3443897537990478,2.9546548237902246,2.541878759187508,-0.3342875216627987,-0.0850298838348972,0.6420683880357468,1.483443164180198,-1.7956531549782375,-1.8290617813318835,-0.5766507216410635,0.48724030706605725,0.5542817956453522,0.9001384962687916,-1.3746775902792987,-2.549704769156432,0.9862845215994603,-0.4854242016225188,-2.231048702250556,0.11815162162251372,0.5761872310330514,-0.18043001836216258,-0.5845800504970329,-0.011014013781015974,-0.31192495066024395,-1.1728410369208064,-0.9703775391610431,0.2681564205291734,0.412080039688072,0.20416522228092376,-0.7926728351213238,-0.09263953532342524,-1.9555622398423944,0.39684808423669315,1.691755537171756,-1.3719770815891965,-0.37369966814246397,0.06352635743408845,1.250339950871296,-0.5337908511328512,-0.6686388201679346,-1.803886532095055,0.22375293376639885,1.9368139228856411,0.22345607701076128,-0.27074194250630984,0.3946214968432454,-0.07379472266995112,-0.5933860856121641,1.049689654631529,0.07566528160051973,0.07835615776764847,-0.942002208571493,1.1934398329543592,0.8899769757065426,-1.1263816629442185,0.9736675794513073,-0.3384364180171713,-0.6378172609359333,-0.7124447137801596,-1.3918142612287168,0.5554055519845994,-1.6979384729802076,-1.272113328003886,-1.970127755866851,-0.13450732331655385,-0.3346393561941615,-0.262225492552318,-0.7372652466042485,-1.1786370263389037,0.6044130978309511,-0.5572209835055255,0.35150673444111796,-1.01807113265976,0.20301514938166917,1.1725664884247737,0.7275962503645763,-0.38458295348904786,0.10917716535582633,-0.10208449253723999,-0.0003821094535441504,-0.281055049405481,-0.18032786046808116,0.19432591774496905,-1.1199088801498405,-1.4753346325610468
sample_38,-1.468561525674172,-1.5077535500988744,-1.317823259825998,0.0708639816180115,-0.8074442435903799,0.5704068476516275,0.0500653846831476,-1.8564113819591932,0.6403965648541377,0.4927127163398647,-0.9711293631157781,0.4629866901753627,-1.179011402395985,0.2855765388610614,-1.5890513959120913,-2.140212903455131,-0.480259140656589,0.12561316557267813,-0.5946880390062722,-1.0867944016011943,-0.6196046986859057,0.09102743029404223,-0.09305459768650982,0.03154840639240023,-0.6213514258232073,1.0154340361894119,-1.0253919561261138,0.15287137261583708,1.0679923629935761,0.47883672039575176,-0.11802602176096202,-0.22770505831292454,1.1306269724343294,-1.3963796233103605,-1.1139250633726967,-0.4466654857203175,1.2285311430360115,0.6237786747123817,-0.8761589513171697,-0.14605219166259623,-0.8467202237012998,-0.9530843670265092,1.1270135827967598,-1.5922500592641557,1.499211516160119,0.9719269747511224,1.49418969287708,-0.1868063604018432,-0.33265110930013236,-1.3306425077204047,-0.31270597146457363,0.220655252547644,1.2938993939675238,-1.2180085309396733,-0.3555889508394934,-0.18496863059803612,-1.373103912838695,0.4451142363214709,-0.8470712354889711,-0.5092478039222467,-0.47046849504373744,-0.8157812543741814,0.14817712815272743,-0.03372138784500928,-0.6889892425320675,-0.6427503477138425,0.41568142466712543,1.5466191889210623,0.3061008545379005,0.9047644845366445,-1.597810075437531,0.2390903177026065,-1.002342924846457,-1.477861840272872,-0.5007736328074537,1.2671610294176257,1.0695574513741595,0.12685041992187795,-1.4594292898993817,-0.23974688848978787,0.1276144422762839,0.25944907981020016,-1.373054406072029,-0.8925374860307466,0.06815119315608693,0.5492413482030206,-2.209243002817316,-0.1362230988400588,0.16105667161790876,0.7251414735226649,0.842111210467326,0.5341040341237273,-1.0169356290257694,-1.9324942882761216,-0.3879628387889985,0.8626029204872794,1.4341403335421161,0.6271900816412208,0.33264791139615624,0.4537086812917783
sample_39,-0.5708239085401015,-0.053535563057181386,1.6496003945727573,-1.1990212122769648,1.9795849473483136,-0.24492279801918646,1.3096441567418946,-1.3275737053197318,0.5608250220107462,-0.9271813137945835,-1.4564109533153673,0.25605099288890876,0.6641756652917298,-0.5572923397987326,-1.8590201222818898,-0.2715562169925297,-0.20043663152667857,0.7934111848963677,1.0277968270065554,-0.0414139455212364,1.4195354565857903,0.047270380939767216,-0.4153060892189755,-1.663866176601269,-0.24253682034578522,-0.3370245898801563,0.991848787742935,0.12068550145180361,-1.3538278146802607,0.14463822485569294,0.7921046929895013,1.5394058532586843,0.9671050190900803,0.7129216817694611,-0.12647478914471133,0.31277525741915957,1.2412043445777532,-1.3926391313548032,-0.291957446230538,-0.6034353072432939,0.3774091873234614,0.9714389247497753,-0.5872576222039457,-2.7805572975724893,-0.2796009407803889,1.061800204001853,0.910176486659768,0.6240704618448896,-0.4994104045446548,-1.175189122245074,0.7226409575458015,-1.047407151069076,2.1888986929980985,0.5240331934035033,-0.5617142616923988,-0.5947571993449006,0.014582202230321705,-0.4092026632986051,1.1209268254536968,0.016789810579593393,-0.7830531372623776,1.7391419775913912,0.20002717053260902,0.992916381648905,-0.9914230941874987,0.41229584621965115,0.4068586932636532,-2.027717371741788,2.3925372757267573,1.2909560715325838,-0.5302951094400912,-0.8713413197001462,0.6678307878063514,0.1908318905411607,0.44497430408520494,0.2787835107788349,0.6279630278029448,1.2718265083383524,0.516813229055863,-1.0546277227210912,1.2124942489456565,1.7812426722595973,2.5913046622689913,-1.1291740082005433,0.3796500554952815,-2.116414960421213,0.5928462020782965,-0.607041812478564,2.1261958901321525,-0.8767411735242894,-1.7145925673238043,-0.4389201048675923,-2.2691817551993356,0.9866790464383212,-2.0043097423849563,0.024038631116004582,-2.163424209727096,-0.26800810822206095,1.572163455963846,0.42745612898990004
sample_4,-1.6906008306088798,-0.5177451281033438,-0.060958726494565005,-0.058751678269495525,-0.3153817776513406,0.6769869974890285,-1.0256741206613098,-0.137091245743686,0.024435122276674395,0.22080265186514617,0.9928668100839644,-1.1222815226491987,-1.8483538397127917,1.3407200168519193,0.24914539810710126,-0.9928080072277337,1.3518374641817978,0.36350257289802634,1.3044212846065568,0.07657658964902113,1.6050999174397762,1.5341028960432488,-0.31114720606512936,0.7772282576459764,0.6016705746121567,1.192024909847267,-0.8259319895559522,0.40763447422884086,0.9413591710653395,-1.9461685075664654,-1.1392386331880804,-1.5261309075022234,-0.3061189954206825,0.671094993564316,1.2559332623338137,0.00912524860647412,1.6466121208809608,-1.4483603397634237,-1.5705985399856754,0.10601950497692979,0.3834620021874416,-0.2813956339172608,-2.186875912709442,-0.09587434379242205,-1.0649259995741234,0.8047593697441454,0.7296287449655489,-0.6207965236968822,-0.7992937167594703,-0.9534716872951491,0.14722951224619182,0.6613350927252543,-1.005787788640004,0.45502217676719847,-0.5134355537143165,-0.7564042245989213,-0.00042123983095822265,-1.2274171659745872,-0.6649621418929104,-1.8904346772630176,2.230507414029931,-0.02959895939408189,-0.4891502974444543,0.4142781337786278,-0.35692060679890336,-0.15224220758904708,0.7246114844707103,0.6426518744841248,-0.439730314577857,-1.156405420179877,-0.3989893215640994,-1.9285619002576735,-1.485298220088361,1.5570327734094709,1.5584964133595267,-0.15656874699640871,0.6979335154052394,0.19173402444776702,2.8787213415399813,1.0167530914127278,-0.31172930697834567,-0.9154131711754463,-1.1847121389076387,0.21747572615411917,-0.6343585882536561,-1.444658564296914,-0.6299218952939476,-1.2574574578962547,1.865371722645376,0.7567286394709034,0.08989260069154274,1.3626638810685032,-0.08238659183310701,-0.7834027692617963,1.4643998324665626,0.46388505029868776,-1.0849987106068915,-0.15515024932405164,-0.999697491818984,-1.9825341637846594
sample_40,-0.9023160768650906,0.04424588593041203,-0.04782678318367038,0.43173494314234767,-1.33434927022641,0.6474404560947675,-2.6229569395765986,-0.596083594812734,-0.6766484501571707,0.3298823594212109,0.19944564368678547,-1.4105553285732277,-1.3059374051058523,0.3758977872747748,-0.2244229915101011,-0.8067812285749923,-0.573112678929108,0.9403244471621229,-0.7392162062686762,-0.06806963259208934,1.7038188821382763,-1.552995693531604,-2.024157718855044,0.599583851386027,-0.6292798420831727,-0.3207483102043174,-0.6524209948022052,-0.8063645972760677,1.4953252556905576,0.8266419169833253,0.9906675713663862,-0.9907499120570399,-1.2765147499431388,-2.764160527513354,-0.9598534528014515,0.8620512785100121,0.4578318123618434,-0.08419307928299377,0.016987162032110294,-0.5206351532748239,0.16252623361167604,0.5108020694742434,-1.6956607152637557,0.35768258248975204,0.9039162613339474,-0.338922180776588,1.0823203389674445,2.7956289947938755,-0.2741833891187176,0.5116052694517335,-0.5251547368640797,-0.07766271726026826,0.4515521114326394,0.13395278114000994,-0.9823599241628327,0.13359219754334295,1.6709928988102805,0.2983701012368295,0.9553826103984793,-0.5665923904713905,0.8727686020752451,0.2030367076596457,-0.7202629467653047,0.5232993302865919,-1.4820734763655465,-0.5503677552763255,0.27917146897510214,0.1783525052200115,-1.1725925821334842,0.980642148054946,0.5116076933199399,-0.5209988447131814,-1.5111828151992837,-0.056333418727228995,-0.24735042851988503,0.20128315382789153,-0.23712317465775762,-2.0127515140582015,-0.38292689526274876,-0.3441533114077228,0.4670907514169515,-0.6481103794444532,1.4221312156241437,-1.929016627912775,1.4637325240545105,-0.22509892424487501,0.905168393960713,0.15880414567898088,1.2609655684712475,-0.4948155650292815,-1.0807269442667535,1.307782037917325,-0.28568753085615844,0.4053466460900728,1.185631286152605,-0.8896973530113687,0.607143677448725,-0.5021289090480174,-0.24064631580478027,0.028840017101649858
sample_41,-1.5890034383760285,-0.6952549759001255,1.3226719185158649,0.9082912186102853,0.11522190116532027,0.30649099306495686,-0.27095454320755913,1.274201754776043,-0.34495769441700624,-0.0384797991507438,1.49313133637183,-0.7659214317402206,1.2067860534918635,-1.1702736752517129,1.7425859306981402,-0.5800192785439048,-0.3475214910072051,-1.6294967319773614,-0.6634700710589759,-0.9527316967710455,-0.8074318605892918,-0.3038208455537305,0.9785233467188935,0.05527037875309047,0.287709003109188,-1.0178096258527192,-0.7464601326191408,1.835749271132058,-0.8982680130068852,1.7514070378210373,-0.1602360958405443,0.22825446151593437,1.1683506653760436,1.206528629651267,-0.29028001635665096,-0.4376640302087666,-0.15477225256787264,0.5745498111152034,0.8797793796213786,0.16516627077506493,0.6728006793579544,1.3763181579042632,0.47694847870547846,0.3716884445777239,-1.2536694915692685,-2.6748720603306717,0.7526179124205747,0.14815887405110476,-0.8004679424845408,0.36053367039173145,0.14949479433450752,0.8261890918777924,0.07445648352798179,-0.843951608114243,0.9432642431493685,-0.24360362477037,0.6744036183753493,-0.653830707099691,-0.7677841825724511,-0.12408327373350014,0.048986739951490846,0.3942514741331038,-0.0925187460291925,-1.7239287478561385,-0.7669313166571811,0.8285846536897534,-0.23113459841270348,-0.3700421030072072,1.2478505963098327,-1.3349358943567922,-1.76183671120615,-0.04150049315080456,-0.29356038080295904,-0.9328670464041501,-0.013672707780584313,0.5751304459193204,0.11496644787419774,0.18767524118836448,1.6882808976961117,-0.37973234991594207,0.1037344142997456,-0.45180813947282356,-0.5815603198766972,-0.5825950010478154,-0.3526615949792132,0.36923440179752687,2.4232716793333315,-0.811725927338529,-0.45669176310166393,-0.1750371331533073,0.5232706397945417,0.23954688193887766,1.2030741171330712,-2.501585020034304,-2.3154381475749415,-0.42777073495371853,1.1272107446749562,-1.3494832153661886,-3.1764547705106696,0.7184765763106309
sample_42,0.29170425063379685,-1.0032392695643435,-1.0795710024751575,-1.2303479753452045,0.30769676643804866,-0.5418132456241161,0.4983333733719196,-2.6907071706378627,-1.1012573203501437,-1.2843491409613188,-0.12181277362474216,-0.5203336302860344,0.4551315738216155,-1.4643489276577335,-0.08103506594135658,0.44259930179012874,1.6412408357834691,-0.23015935642831617,0.274962996477656,-1.6629562762364687,-2.4206508232166244,0.6498664400294459,-0.05101935447586523,0.9727905025861309,-1.27520327094133,0.4308898900442817,1.849657487516343,0.06577998423302696,0.13946402368476746,-0.03260807520863787,-1.5428601290131714,1.391203279498493,-0.6818984975747024,0.46530637524295704,-1.6822257426426614,-1.202271797640695,1.4396598326080645,-0.23230202058444133,1.4104960816197727,0.08357590273483456,-2.3592980915892725,0.635983970494697,-0.5795536473278253,0.8232249968693744,0.10541053135166485,-1.528197262637526,0.5160692364273355,2.232889556877354,0.4917391544268713,0.05688328946649466,1.280207517211193,-0.049571787449312905,0.19884796327728355,-1.201880884038588,0.21864486666702765,0.8720370984163347,-0.7769275002358106,1.3017913810935366,-0.17110535346889144,-1.4631798660795945,1.1496440040591955,-0.3366514682938539,0.8534800990406671,-0.11313380475691683,-0.28974437438504824,0.5383749250231104,0.385665577036937,-2.134528316611958,-1.0969526818617152,0.8172946661257738,-0.24535394508953598,-0.3614909326755886,-1.3042668296928377,-1.0539832612677589,-1.608361040599691,-0.0105777096988263,-0.4712878828618949,-1.0231566337281786,-0.08169013399986728,0.2952325916028295,1.959670237260815,-1.493292975274692,1.0100559370487558,0.9985350859053989,-0.6574368734591024,0.210174145437414,-0.43735282506901635,0.28793308617493263,1.668889899181014,0.48449247796345013,0.6443519239808727,-0.401106179788491,-1.7456871091630148,-0.06673852492410923,1.158424794558802,-1.3164119076877971,-1.1034911301050458,0.11979405823238684,-1.1110223020200287,-1.1665875899649942
sample_43,-0.4279059187275907,-1.2756523921014349,-1.0678325477622808,0.6976886298284246,-1.2682308144537988,-1.4897532995275502,-0.5986360027308786,0.6861064945132688,-0.34100538256472746,-0.6774479107343593,0.22446714012431987,-1.7596026691292412,0.15569467719309632,0.5411028648731921,-0.6045854848138774,0.9342276505128655,-1.185711805617311,1.3693347795697537,0.07027895548119224,-0.2990256023978491,-0.27601850951431733,-0.27464346382718585,1.2590501004164627,-1.158390848355346,-0.7072601544729291,0.8939947249611514,-0.4771591318820918,0.682921299441656,1.5988108851649294,-0.47692064960058017,0.8023416138979341,-0.7651400030379416,0.8209858849591394,0.17065688409758661,0.2693374711219954,-0.6863389993756491,-1.8712778634969869,0.7691740926116712,-1.9105960437779708,-0.15302066075923712,1.069922884569622,-0.05859616053896905,2.1816132649382918,1.2040441730682396,-0.4923168546651747,0.12751681280194468,0.29262684611275536,-1.205252450276327,-1.3462123095952367,-0.4507101744711561,-1.8175638076800302,-0.20538951990522158,-0.2633553615603261,-1.8054548798181045,0.38186936875424365,0.5874024856472048,0.3553978636968046,-0.4961573218281675,0.5592383443294524,0.6971332942303385,0.37821592552403394,-0.8494115288974923,0.4091563391828776,1.4378410304135656,-0.9765841488008803,2.089061420813437,-0.4704581806693745,-0.08880704515530555,-0.5976931167855462,-0.10861602005364758,-1.9762138527441926,-0.38115257363575306,-0.9962778559516343,0.242741055693309,0.9966648204145675,0.7277861604332538,-2.2357972251410585,1.8372918844077597,0.2601662520947969,-0.7937928951318679,-0.020230627298228186,0.26012797424262474,-0.4391128830928231,0.2118464405598834,-0.4832786304910562,-0.40839205013712376,-0.6703908839195406,-1.6856510667441094,0.16413363657787503,0.4644650402074342,0.6510872776097926,0.75325702681763,0.18069905121047397,-0.42270959077255743,0.8037007973525466,-1.1702277087341677,-0.9434548164157123,-0.8271795428396885,0.997019284995096,1.2321566727410607
sample_44,0.5544694251272293,1.1353794524664724,-0.9703296582900484,0.28880611813757956,0.045717675130366904,0.8955733488141495,-0.09625522574552796,-0.3654678386814983,0.5089891425538667,0.5526901560977361,-0.5962694982584756,-0.030877244081163435,-1.378488139945946,-2.035486250674156,0.09735906631286655,0.49814394581132304,0.1306553484839546,-1.6886716285498802,-0.5382916571877666,-2.048238652089026,0.9803150326677402,-1.2251305178113139,1.2965839169465594,0.7529402364099789,-0.8356259053902685,-1.0512291397643452,0.4159548121627908,-1.5566001172522195,-0.039097955264313006,-0.5646596281952145,-1.7618159500552235,-1.6904699016843545,0.2398479703713553,-0.5643572654707677,-0.7142000814420808,0.6099840339375792,1.1598656121966535,-0.14427952337219202,-0.2836085131641513,0.6558464089544537,-1.7617433049683202,-0.027590365231214123,0.6625064774623365,0.8016902150359876,-1.6214387878892225,-0.703980577864152,-0.5844959994686275,0.3253356482219649,0.4760420646163352,1.6245470509751672,-0.28314068186135216,-0.7258794511761342,1.146360077641487,0.23959128343901454,1.209119542471995,0.20695399990810986,-1.1188889975834906,-1.533716395847149,-1.731762783275694,0.6721014327923239,1.3630741444642436,1.6999773605329715,0.9303907111932521,1.4038000829902548,-0.9553281521792585,-1.0563824978136418,0.9719641917904546,0.2998450608217893,0.27000700836030744,0.10655763345568588,0.24412249100647995,1.2314527167877767,1.7629445197817148,0.6790987968176192,0.8682857782920907,0.5974180086690466,-0.3346944776552536,0.6151119733514794,-1.3294183044490198,0.9540325757501511,-1.4024816231624937,0.3739847310760041,-0.580603511510318,0.5725939690576233,0.0987496039155267,-1.6202747922675345,0.4578523879784351,-0.643285831373152,0.9757430646881379,-0.11147504500499211,0.5228650696404913,-0.8879341210296837,-0.7925861665977801,-0.34137671014029036,0.8201719785782915,1.4448787558831129,-0.8444805369539018,0.9452879849236719,-2.320914233830967,-1.721815655084707
sample_45,-1.005077187922108,-1.2626862727982469,-1.6944176979217103,0.36302018340062775,-0.053082558358539755,0.4394601626857806,0.6900036256473054,0.24704273456325287,0.6436079236074435,-0.31499072764563585,-1.1935350943046226,1.1172985053475608,-0.9148900053417263,-0.6383545109830993,-0.33821640419945326,-1.1733010252541496,-0.5130490699784942,0.590437413076108,0.30372479051253737,-0.8207582022239672,-0.6989915859687568,0.8727871338788881,0.4854301749957378,1.8200424449142354,1.0988337329545126,0.990839612596426,-1.2252724061994795,0.5075020666959911,-0.19867990047857573,-0.638454417928262,0.26780700663297174,1.0385581925387308,0.5415574707380093,-0.8704589427730988,0.527575510493819,-0.6786229914689594,0.13674054878419303,-0.1805509481891551,-0.16864643075902622,0.9191383783719862,-1.371464212598797,1.680703912072192,-1.9188825508777212,-0.689172835248631,0.4090679436341952,0.7147655906542076,0.2365671010698053,0.1822213844449442,0.3860355136404179,-0.11816871132343645,1.5966364983710077,0.5507627919940319,0.8673408505456086,-1.071597782296536,-0.08146320594015079,-0.3178281754741595,-0.9575070989854776,0.20739981713430775,-0.6478529838498623,0.6629420799486673,-1.1614416734673636,1.5757277574173558,-0.6700462878371758,0.419828652518306,0.7999878692505809,-0.49021084812185634,0.9744693672969114,-1.3614602223522785,1.7660044140324513,-0.38282245311588925,-0.7444546874004604,-0.16360146242657508,1.2011074616562147,-0.5254207203128642,-0.5093984341789245,-0.12939766418556078,-1.0469699284687808,1.6266786857549884,-0.5504177137518622,0.7417841747494649,0.03329651601238427,-0.9455291647837638,0.0853265988819545,0.8066300763655515,-0.05786870889316116,1.2179202171919437,1.070209518219991,1.1820999411659048,-0.5041883728881658,-1.177769670472386,-0.5601290874485187,0.17739851349680297,0.41659388466816194,-2.2218417808120265,-0.015842870303120368,0.13573956053915642,-0.2976558972843995,1.1314974910850635,0.3249284903350403,1.7400231561120154
sample_46,-0.20397611654690587,1.002389640847888,1.6146421883258424,1.3986078820846304,-1.029015905790712,-0.17823223744749345,-0.32064820518846915,0.4576003832416626,0.6765445821193994,-1.0208787209076045,0.251505944054031,-2.0410000182708794,1.0913685086740095,-0.25991590484972593,-0.06909463452251223,-0.5107920020201946,0.9680531453361952,-2.5710003036023283,-0.1357768347780609,-0.08454815182170611,-0.6681893500565765,1.5058304705026413,-0.9933738570468833,0.5884388744646661,0.33287060086856823,1.0959672916529106,-0.5448142451294732,-1.4136759692126828,0.9799700953124928,0.4186494641172453,-1.5158452146047297,-0.2371647827211876,0.41560209458598335,0.7872145298987012,-0.8351053071190458,-2.8787264205920016,0.4645438655768036,-1.2602281856289181,-1.86709364259865,-2.641457260665884,0.9131899069882478,-0.12137125447121895,-0.1833270440137665,1.6286068428473512,0.6441709557064461,1.8027935777005997,-1.127593102519588,0.2030046358699472,-2.213413252728645,-0.11646698110886491,-0.03788304533874071,0.34761917162661893,0.033591450806595986,0.5789630743349693,0.6685554123914231,1.869138152886947,-0.22224981287625914,-1.13053649871624,0.19002059704452917,-1.3453959049001118,1.6909498875139621,-0.33324189324389414,-0.3657212080746504,-0.30038580214322436,0.706018914118021,-0.09113541855069857,-0.5921209771689421,1.5584567361953485,-0.8020484411537919,-0.35474009511189686,0.5979309758466211,-1.3375924208640602,0.8212155220724405,-1.0276996387817603,0.8484041327070867,-0.8616627459370552,0.8135745950218415,0.9471751071502548,0.7927541759731582,0.18766020228404773,-0.41745316278789263,-0.5216160009834502,1.2573625785756588,-0.6988830484487022,-0.9192249188575978,0.6806494668996542,-0.7823588618665361,-1.0971125664579802,-1.5902347851559193,-0.5890489983389585,0.009669732062958552,0.22065665552238772,0.8485716339424793,0.7405496272033948,-0.19251549080696498,-0.17126383298921993,0.5187054860765846,1.115255023977542,0.023261865505658976,-0.7195578084893447
sample_47,-1.0418393168658613,-1.354374502579122,0.618634046066479,0.5531302254062009,0.8265519762118365,-0.056254536301621756,1.389180478785582,-0.458842959265643,0.9863405465231104,-0.28674146767559755,-0.5271810303040299,0.6398362608568818,0.07166381670296397,0.5174407111852741,-0.03983833668235706,-0.2122959790352776,2.144956599138839,1.4253260454188905,0.7547068314580299,0.11773746566978611,0.6525341247049381,0.33253602490681433,-0.01707176853006016,-0.4277887612161377,-0.07356974840030395,-2.8785721374818674,0.2839859996225852,-1.0998698129070594,1.4893066405669508,-0.020927249902929962,-1.1451790014686294,0.1834236838621448,-1.1609223516610672,0.4352909601119934,0.09480443200231448,0.8631495042677865,-0.9407144249653782,0.21666780810774072,-1.2510564410911287,0.8550734290967056,0.5495652770015187,0.24288491261291176,0.06390985762743553,0.49199371357096094,1.4953020508491617,-0.20185615645824984,0.48899252952165795,-0.7538730354000207,-1.2537137658631068,0.2135571023612154,1.308670930875489,-0.49546718082484803,-0.2500968575359848,-0.49086514643483387,-0.5177460417340004,0.21251490677018203,-1.48117996941287,1.1541806763881544,-0.7844570095406388,0.7545626214372365,-1.3847543229650543,0.5744580932694244,0.7729076863798747,0.591795155769355,-1.4855688913989697,0.30252909042264614,-1.1597638528439762,-0.37647789888771765,1.2957303551727741,0.643283907790583,-0.08698376329226189,-0.7590114561414878,1.012314865471843,0.11899194929774859,-1.8661796642305288,0.8627784347626534,0.10009560183366871,1.0390337951536746,-1.047935431891171,-3.085729189829914,0.10448628279125478,0.37996811381910883,-1.2515474801847348,-0.9820278011665559,2.9291362740895606,-0.30785802956852315,0.7740716592509989,-0.7319908469155428,-2.3040378502586436,-0.28069851922067585,-0.18663018165262166,-0.3730086360600833,-0.28692341732916604,0.45223364879339245,-0.15311748937923192,-1.0896508771931375,0.49386058930905663,-1.6827128934119464,-2.199090183018106,0.9507066629596711
sample_48,0.5757313454055841,0.018338922720692905,-1.5009933674846159,-0.9286316592893593,-0.1071867839921192,-1.4878232192718466,-0.7050098823625689,0.6111383687017458,1.5301351145096296,-0.6360261666647772,1.0445422692169923,-1.9323617799711186,0.31842876820697036,-0.5206370130815595,0.2204026205611184,-0.4428043453437461,1.1332537084229248,-0.6203454872008194,0.6400353185608247,-0.2459995975384993,-0.40117663295437733,-0.3490179340225589,-0.9488553428571113,-0.1542407770109924,-0.05658481449610648,0.18098771920118287,0.1649277388070114,0.5513132571822019,0.8029830716511426,-1.1794472532416997,0.9974868596839248,-0.7931928306015504,0.6373309951776772,0.576628947827044,-2.016052485766006,0.027374624656900097,-0.5959663606846075,-0.7167746860874075,1.3137693865217168,-0.48580026065799753,-1.0833627037902085,-0.1738712635484355,0.8079533898154478,-0.15715691540348029,1.1098179746966874,0.6585305326118353,-1.9567722909956413,-0.2473427862141024,-0.8608096618494496,0.5984030700366503,-2.403551298599997,2.183337892830592,0.5228615707467303,0.0862233901492937,1.1266436948665293,2.0372317199998253,1.0410284932089648,0.812673945446037,0.06665500108953511,-0.4350353350787121,-0.4971198567064729,-0.8508413944068213,-0.47745467607232617,-1.2173058342929683,-0.3102743581784023,-1.5669556245707346,0.2808367029815878,-0.1581474091948626,0.3139420807891903,-1.0860098584604894,3.204354500371241,1.2986930118248634,-1.1724594425416948,0.3468245232286725,-0.38731806268393393,-0.9128725960459247,-1.2092784724622134,0.306741646356188,-0.6585856075072274,0.8718492893790815,0.8353647549790506,1.5042181521278142,-0.5863429642087759,0.49341272903889755,0.7749829530316843,-0.4794685416541518,-0.7575259796445893,2.0242912917226796,0.25426639803103085,0.5144363159815735,-0.7839049086776715,-1.1295805797865601,-0.7714064740175339,0.025967566154892194,-1.0367783016119774,-0.008965752743487734,-1.7599530856988805,-0.9625190055930426,0.5792880182070866,0.763555342835203
sample_49,-0.3936951386279252,-0.9315832123660209,-1.1226108217698547,-0.5430146962392014,0.9011912196873848,0.9749591334156469,-0.4683633874281551,-1.089067204633316,0.19441322280897297,-1.0067880312825626,-0.4234257073354382,1.3917609807385132,0.48404582406493396,0.3394993835241655,-1.597593734529177,0.061522430590519414,0.88907442249603,-0.12469831381288511,1.5113355980699428,1.2154798855785285,1.2461531387476135,0.12593631827242055,0.5826736832119489,1.1955056195164404,0.4176052108957232,-0.48485845252274085,-0.33837069970560185,-0.16672660167201248,-1.4678718979359948,-0.19698757976282502,1.2346625305170291,-1.6567711092711581,1.679128881459753,1.0621125545617134,-0.6247484428511774,0.4626387341988133,-0.09160679421127334,1.6248643239496605,0.9660766002294455,-1.2243156782197393,0.6338347486878876,-0.45294814611826234,0.1522563426726739,-0.8414259357235757,1.6218678110541065,1.1952626724431377,-0.4382983051671609,-0.9799804771447709,-0.634917213132381,0.5531569828751889,0.44877186019525106,0.9458897459242831,0.7837859279592152,0.9384083758451552,0.30775411298345173,-1.2876277364162276,-0.09486347235264474,0.9270933759836831,-0.12814619514879172,0.4530907405665802,-0.32159745577115706,-1.0450504913086134,0.041171676241492754,0.513419779587546,-1.052149754269202,-0.1664905045364352,-0.9043583950419224,1.0075610632425973,-0.17712133396459234,1.5035209540381906,1.5401158296521633,0.02863576631798152,-0.8995620547044192,-2.12775608375862,-1.1335512631769977,-1.2679367875727652,1.4959061118247283,0.005935286546361281,0.34889812488669514,-2.1725823686411654,-1.4060030700600923,0.9985374857402506,0.31761581585001086,-0.1383971186419409,0.7063713028470956,1.6685963445429723,-0.1962172493157877,0.14608274700846444,0.21574616455137016,2.2464191499386708,-2.154841750248059,0.627037486028784,-0.2870953620280072,0.7843232616638831,-0.6434800313262231,-0.042674845988970325,0.7272809689935832,2.713425479678708,0.7192907112480084,-1.243364226570463
sample_5,1.0277766262138877,1.963756120233716,-1.504200044501562,0.535834656903089,-0.5383127624795708,-0.40600680980615367,-0.561912826028562,-0.81649763728267,-0.05824989086511963,-1.0135914259740042,0.4848374167765705,-0.01975601911334068,-0.5690013223876575,-0.6132881616182833,-0.7973630974095035,0.6590432369345183,0.35692419261650526,-0.7228128756459005,0.0038496660748160967,0.712263178579972,-1.7673826450934504,0.3571679725571664,-0.7532288889320015,0.3983049909558305,-0.7079480612320784,-1.6539614903395625,-1.4515700329007268,-0.4111945621815514,0.12217263178544505,-1.0210319258752056,0.7578064844285336,-1.2015430650383587,-0.08234991628300312,-1.1916537333839776,-0.8088478016949432,-0.01667306262361595,-1.0150690784512073,-0.27616546697216543,0.988373171965103,-0.40982327362261906,0.9399418113423048,-1.3696498591465238,0.6384852502714587,1.6899077439700463,-2.0922311872485704,-0.741450566502097,0.9518132493695045,0.04968340624558831,0.3355096534517068,-0.49430810859924224,0.2958367351766456,-0.3993996252196528,1.1646121733815917,0.19581751483979132,0.31805093483156355,-0.4170595336745035,-0.405780161390304,-0.6077114187034524,0.34863921378751483,-0.8200622905812651,0.3585133430916394,1.9154844510872509,0.9561710140529904,-0.14886712493843038,1.3237574340365057,-0.33308624248062507,-2.0562969011048287,-1.1384241897942116,-1.9308519742655246,-0.8622903418243962,-0.08350563187751277,1.5774585766960154,0.6439799667300801,-0.1355151304959809,0.8541240130133534,-2.0952394220745743,0.3586662757403864,0.6287080366156466,-1.4085235317275744,1.0398415514568176,0.16524387762153475,-0.3542467035490371,0.5921834847912923,2.315382650679975,0.31773204331272786,0.25597083159079403,-0.4391136625627566,-0.9748956933817573,0.9196597870212052,-0.9570892713314723,0.17526366839653795,-0.44482352426930294,0.3454281655541916,0.5284145022804927,0.9949870383916433,-0.4399533550956883,-0.28970753647907993,-0.8398267632771841,-0.5593205615278394,0.4504752364822267
sample_6,0.8453127582067255,-0.8370241448172727,0.8276815727417188,1.4492461001410757,0.6443538611357892,1.9004517027294503,-0.738931798247033,-1.174897672088205,-2.1632671766615537,1.1214254700408857,0.9269396730113482,-0.02524252182921798,-0.05642047280559539,-0.8081536641648149,2.6820641620163514,-0.028738570779107454,-0.013974609650050318,0.9697358693137218,0.4634925559728144,0.22192537810584728,-0.9727292569980623,0.2873549672029284,1.9662591988494686,1.1305198107887133,1.4828572783388854,-0.49380985833483354,-0.849235876261974,-0.634358835137037,-0.08705694623054326,1.1428766914292192,-1.6694614633481197,1.5407111753613967,-0.1835202608361996,-0.43427626805044134,-1.1541627485926953,-1.6616810660921286,0.7852972112538706,0.26295279460851456,-1.1801701941748286,-1.1204316360697537,-0.5035141349924928,1.4067351657073612,-0.22024250673250265,-1.7455480210773195,-0.1330733118340162,-0.18881367757891016,-2.5043063557482306,0.18503843021251928,-0.4365050318661025,0.8171230121443721,2.0503910294973213,0.825028662905139,-0.28332764837593966,-1.217353412781553,2.4601029407118387,0.0025348429655270995,0.1284152909533768,-0.1877429387738933,0.138705725457487,-0.4389408132294028,-0.6064995965522854,-0.5845992694276446,0.12452322942963309,-0.3755850812257539,-1.125283543490796,0.16420075766177972,-0.18667969511452934,1.3956828918915478,-2.7988279160069647,1.0298409067830954,1.2362502382845648,-1.727163727371224,-0.1300183369421322,-0.2980923158302604,-1.0778229577521643,-0.679035449804915,-0.9809098393360829,1.561768430081601,0.8625940809239228,1.1618777562950793,0.557094279982564,-1.0956413712918076,-0.3261709316353319,0.507629572542629,-1.1070232047520856,0.7291387610746832,-0.21587059940857892,-0.39560613526435895,0.7878969509622428,0.3253691336251524,-0.288984177990738,1.0666351193020216,-1.3164003754250895,0.8382955845708504,0.5653494301111102,-0.2672125019600446,0.3279855129620689,-1.076338218668764,0.8377157651257049,-0.3266647602862405
sample_7,-0.5348078798728847,1.1127081417910005,-0.7904769029520068,-1.7358929707619386,-1.5452696301098043,0.6605563662170998,-1.2333488623358237,1.6491223884195434,-2.5125698765121856,1.3053034898181073,0.4163881589232612,-0.06744746133268426,-0.8712365437735176,0.5551425299432567,-0.1767271293770639,1.041186430125724,-0.009396328015886994,0.39791069135675644,-0.5536615201803188,-0.039118380964376614,0.020237307876935125,-1.8311974049472084,-1.4858946993956736,0.5614757384771626,0.16051458893135104,-0.20035002489145498,0.10254397739119457,-0.026790934079166388,-0.6978141143458295,-0.8845910329397176,0.29678555887299973,-0.6144787530489626,0.4396709673559291,-1.66644699373691,0.8023725794395807,0.39422618943083443,0.17881645472349833,1.33368431258589,1.6108932169512657,1.1646471511775929,-2.3580369166071,-1.5183234988709482,-0.6175474637942959,0.038536987325100316,0.5388455709372905,-0.6664352369917875,0.5397915622510349,-0.4529142455630488,-0.9245060925682297,-1.303922789744295,-0.7095100718781631,-1.541481193539372,-0.9958577111765974,1.0257073060923676,-0.9150097598748618,2.294395449870308,0.6390216321869912,0.02711996512271528,-0.990721504374674,0.7248118225858599,-0.6087078544185096,0.053105631545982905,2.5101636390658815,0.09095158546046334,1.2572993985941756,-0.6183113532206043,0.04397691126063877,1.6648301071004856,-0.5470521069380538,1.9751611469007264,0.657535827840887,-0.39562746480007066,0.9970803242411777,1.1362157574691636,0.6748309602362795,-1.4619816742051872,-0.5993551334906839,-0.339509340501343,-0.08762600400972853,0.5403547743559631,0.0008082103709248238,-1.30991983719383,0.39175039191527344,0.6306395317974473,0.7012446884095118,1.1035601959629395,0.8790127082696293,0.6214550042363768,-0.07428192609986593,-1.7508937731630898,0.5595698159364502,0.1879674925351994,0.12449525003701883,-1.2395013731505156,-1.0530541305325563,0.9069975338897688,-0.0510078239273513,0.6019641442735915,-0.07679053242842443,-0.02993983742111103
sample_8,1.0408327684288665,-0.43532129298486383,0.03247089270002013,-0.6455796888742081,-0.2980773747598519,-0.23237927404828923,0.23296375316782356,-0.453787154205392,1.3325071390144183,-1.0719968805055275,-0.04181352818603776,-0.41944358223298267,1.0963399372236202,0.3739974368265332,1.0544214328506747,-1.8024059441643836,0.13537629978774568,1.132563637390633,-0.016681146150692057,1.0042269498717389,-0.7257380508805386,1.1981142658687416,2.411775729754618,-0.4838035727396003,-0.4125273314529132,1.2680307766860721,1.5765546686303888,-1.1440015559320351,-0.5751745293297138,-0.3469779327360571,-1.3070835877408704,-0.5631575088211989,-1.1147214264697873,-0.7635593994580163,-0.2173121041179739,0.16386032040518916,1.5630785924426438,-0.9988759320824521,0.9676246857368017,-0.05074971822686861,-0.1507186455326015,0.42047024045810943,-1.1591815264380372,0.45423716291331956,0.22972604704929123,0.6179140628293204,0.6478910124735807,2.468635780505778,-0.9581293576552953,-0.4206889265600972,-0.4107475684262976,-0.7811732577536935,-0.6547165417641254,1.1662768315659282,1.3555659097633612,-0.5585609715435554,-0.7729795492329463,0.3217932629465987,-0.6634373471003978,0.6319810486733265,0.2614441199306425,-1.5083422583899753,1.5785009734495612,2.063968031793695,-0.9972604111650034,-0.31339426560664235,0.3803899103255419,0.21589132888678927,0.8831254535171174,2.2344646795587986,-0.29352589425936776,-0.6034585229950415,-1.3282459225362444,-0.6817381652325286,0.10918490732997577,1.8626234688826224,-0.39085872815950234,0.10858028393728056,-0.03305504225462972,1.0824671963114576,2.4032240824887525,-0.47430186141648245,-0.2983332317540722,1.0706489229292684,0.8251512663761119,1.883313164661338,0.6242164806844014,-0.3766689199497492,0.6551083984093965,0.9806687710758384,0.9790938824439739,0.4645807459460543,0.9714673209621214,1.4457765899674015,1.328129286341379,0.5584973241463879,-0.18321198671513705,0.13754953432399566,1.1261259772514451,-1.2003329240953209
sample_9,0.4265293739073527,-0.31395016125691194,-0.03679750718738983,1.3603027886263606,0.3972391741294362,0.11458518867421688,-1.3108594175279258,0.6995683069140155,0.6294622885526293,1.7335908819324028,-0.1810473053895711,0.256683408833019,-0.08663198204601417,1.608775480168617,-0.24310433907308193,0.13580132100166029,0.45826833828659636,0.43398841723940973,-0.653401027841215,0.19423048903380405,0.7126346744306881,-1.167312877625762,0.09702884684883897,-0.8025390547010367,1.1127035327636232,-1.4013390715250567,-0.44258942973520204,0.011239343058032715,1.4614644505457144,-0.11306415644549414,-0.4852574615169827,1.8428653072809718,-1.60322056769091,-2.1457363575201116,0.23768432856017466,-0.5476476984352079,-1.1870438231400298,1.0106720509022777,0.26828846666496,-0.3971452442691817,-1.6673208474140984,0.6165302555927509,0.7694566606260387,-0.10760599851766785,1.7085638814379138,-1.0294756649153038,-1.267771129629317,-0.3951555126279925,-0.19884279648083034,0.36034126653836596,-0.03053596173256323,0.08544026370678881,-1.27368617409728,1.4308004582561775,-0.08411016728059881,0.9449412556427665,0.47862250748222174,0.3067168172101989,0.5360660570080659,0.3767879199236938,0.7529825946099936,1.2040052946963482,0.3354760190618809,0.9305161985022844,-0.32801366934949,1.4532541719516383,-0.6285303965444649,1.6952341925651144,0.10579411652273803,-2.2774503240444623,0.03440811145146333,-0.5001331360414263,1.237777099838843,-0.598170154497665,-0.24755746571524692,-1.7774848683368785,-0.3258746138127763,-2.40866065561739,-1.5075956593955182,0.6737938287821005,0.6226741759001727,0.5190452209620019,-0.6772731176659121,-0.037426705280186566,0.12952067931834385,-1.1760058670031046,1.5613491554236074,1.131426735843123,-0.240727931313741,-0.08626652291855891,0.3221123157220219,-1.8889632620679262,-0.42810734296520053,-0.5865664978213836,-0.9762630634344374,-0.24270104092290468,1.8530798681370717,0.5666564559600346,-0.6888691594826009,0.7204164799898216
